:060000000200DE023201E5
:03000B0002314D72
:03001300022CC0FC
:03001B00022CC7ED
:03002300022CCEDE
:03002B00022CD5CF
:03003300022CDCC0
:03003B0002306729
:0300430002324442
:03004B00022CE3A1
:03005300022CEA92
:03005B00022CF183
:03006300023E5703
:03006B00023FEA67
:100070000000E2FBEAF2802C0000E0FBEAF08024C2
:10008000E6B50202EBF62200E2B50202EBF2220034
:10009000E0B50202EBF02230F6E0A88220F5D3EAC8
:1000A000C6F582228B822230F6E6A88220F5D9801E
:0100B000CF80
:03013A000200B10F
:0300B10002017BCE
:10013D00122CB9122CB5122EA31235C01230BA12D0
:10014D0035BD1212F3121E7B123653AF8290000092
:10015D00EFF0EF600312024D1268771223BAD2AF9F
:10016D0022121EA1E582700312368F0236A11201F2
:10017D003D12367812016E900000E06003120329E3
:10018D00125A621222EA75B1001236CA123DA91234
:10019D00178B126B1512037F121F0212237380E649
:1001AD00120389AF82BF010690037CE07004C22068
:1001BD008002D220A220E433F58222AF83023D4C8F
:1001CD00AF83023D6DC016858116AF82900005EF9D
:1001DD00F0900006E51624FCF8E6F008E6A3F09092
:1001ED000005123D88D01622AE82AF83900001E04B
:1001FD00FCA3E0FDEEB50405EFB50501229000016D
:10020D00EEF0EFA3F0C006C0077582011201D21502
:10021D0081158122AE82AF83900003E0FCA3E0FD47
:10022D00EEB50405EFB5050122900003EEF0EFA346
:10023D00F0C006C0077582021201D2158115812208
:10024D00123644E58270012290020DE4F090020E08
:10025D00F090020FF0900210F0900211F0C200C267
:10026D0001900213E4F0900212F0900208F0A3F056
:10027D0090020AF0A3F0A3F0900214F0A3F0900204
:10028D0016F0022FCF90020DE4F090020EF09002C6
:10029D000FF0900210F0900211F0C200C201900216
:1002AD0013E4F0900212F0022FDFAE82AF83C0078D
:1002BD00C006120390E582D006D0077001227D00A2
:1002CD007408C0E08E828F838DF0122FE915812284
:1002DD00AE82AF83C007C006120390E582D006D070
:1002ED00077001227D007416C0E08E828F838DF021
:1002FD00123027158122AE82AF83C007C0061203CC
:10030D0090E582D006D0077001227D007403C0E015
:10031D008E828F838DF01230271581227E007F0013
:10032D008E048F05C3EC94A0ED940F503575B1007C
:10033D00900216E0600D900214E0F5F0A3E045F098
:10034D00700B22C3EC94F4ED940140012290000156
:10035D00C007C006122C7AD006D0070EBE00C10F02
:10036D0080BE2230010B300008200305D2034391DB
:10037D000222300206125AA2022CAB22900210E089
:10038D00F5822290020DE0FFBF0203D38001C392DC
:10039D0020E433F58222C016E581F5162408F58197
:1003AD00D310AF01C3C0D0AF160F7E007D408F823A
:1003BD008E838DF01212CBD0D092AFAF160F8F016E
:1003CD008706EF04F987058E04BC0002802DBC0161
:1003DD00030204BABE020302051ABE210302056F11
:1003ED00BE8003020478BE81030204D8BE820302DC
:1003FD000551BEA1030205B90205E9BD0102801434
:10040D00BD03028021BD0502802EBD0702803BBDCC
:10041D000950803C8F037C007E408B828C838EF054
:10042D001207140205EF8F037C007E408B828C83B4
:10043D008EF01207570205EF8F037C007E408B82F2
:10044D008C838EF01206CD0205EF12094A0205EFDC
:10045D008F037C007E408B828C838EF012087D0290
:10046D0005EF4397084397020205EFBD0002800A8E
:10047D00BD06028017BD082C80248F037C007E40B2
:10048D008B828C838EF01209510205EF8F037C0055
:10049D007E408B828C838EF0120AAD0205EF120F17
:1004AD00550205EF4397084397020205EFBD0B1266
:1004BD008F037C007E408B828C838EF01208E402C9
:1004CD0005EF4397084397020205EFBD0002800A2E
:1004DD00BD06028017BD0A2C80248F037C007E4050
:1004ED008B828C838EF01209900205EF8F037C00B6
:1004FD007E408B828C838EF0120AAD0205EF120FB7
:10050D006D0205EF4397084397020205EFBD010207
:10051D008005BD032680128F037C007E408B828C6C
:10052D00838EF012079A0205EF8F037C007E408BBD
:10053D00828C838EF012081A0205EF4397084397B9
:10054D00020205EFBD00128F037C007E408B828C72
:10055D00838EF01209EC0205EF43970843970202D0
:10056D0005EFBD0902800ABD0A028016BD0B35805C
:10057D00228F037C007E408B828C838EF0120F893C
:10058D0080608F037C007E408B828C838EF01210F6
:10059D0033804F8F037C007E408B828C838EF012D4
:1005AD00106A803E4397084397028036BD01028052
:1005BD000ABD0202800ABD031B800A120F8280222F
:1005CD00121058801D7E007D408F828E838DF0121B
:1005DD0010C4800E43970843970280064397084343
:1005ED009702851681D01622AF92AE93EF7003025B
:1005FD00068AEF30E3275392F7900214E0FCA3E054
:10060D00FD900214E0F5F0A3E045F0600D1CBCFF79
:10061D00011D900214ECF0EDA3F0C201225392EFF4
:10062D0053929FEF30E70653927F02024DEF30E475
:10063D00145392EF90021474F4F07401A3F090022D
:10064D0016F00203A3EF30E2065392FBD20322EF22
:10065D0030E1105392FD90020DE0FDBD0261D2011B
:10066D00C20322EF30E0585392FE43912000000068
:10067D000000005391DF12024D43970122EE603FBF
:10068D00EE30E6075393BF439A0122EE30E5045353
:10069D0093DF22EE30E40A5393EF121105439701D5
:1006AD0022EE30E2065393FB023066EE30E1065344
:1006BD0093FD023065EE30E0065393FE0211502299
:1006CD00AD82AE83AFF0900213E4F074022DFDE421
:1006DD003EFE8D828E838FF0129527FBA3129527F8
:1006ED004B600890020D7401F0800590020DE4F04E
:1006FD008D828E838FF012952790020EF0539BF012
:10070D0043970243970422AD82AE83AFF09002135C
:10071D00E4F08D028E038F048A828B838CF0129508
:10072D0027540F701E74022DFDE43EFE8D828E83C4
:10073D008FF0129527FDA3129527FEBD0105BE0072
:10074D0002C200539BF043970422AD82AE83AFF0FB
:10075D00900213E4F08D028E038F048A828B838CBA
:10076D00F0129527540F701E74022DFDE43EFE8D80
:10077D00828E838FF0129527FDA3129527FEBD0162
:10078D0005BE0002D200539BF043970422AE82AD0A
:10079D0083AFF0900213E4F08E028D038F048A82F2
:1007AD008B838CF0129527FA53020FBA02587402FC
:1007BD002EFAE43DFB8F048A828B838CF0129527F1
:1007CD00FAA31295274A703E74042EFEE43DFD8E69
:1007DD00828D838FF0129527FEA3129527FF4E7001
:1007ED00085397F75397FD801DBE8108BF00055331
:1007FD0099F78012BE8208BF0005539AF780074310
:10080D00970843970222539BF043970422AD82AE83
:10081D0083AFF0900213E4F08D028E038F048A8271
:10082D008B838CF0129527FA53020FBA023474049D
:10083D002DFDE43EFE8D828E838FF0129527FDA354
:10084D00129527FEBD8108BE0005439908801ABD8B
:10085D008208BE0005439A08800F4397084397020C
:10086D00800743970843970222539BF04397042236
:10087D00AE82AD83AFF0900213E4F090020EE06013
:10088D004974022EFEE43DFD8E828D838FF012950C
:10089D0027FEA3129527FF4E600A8E048F05BC011B
:1008AD0021BD001E90020FEEF0EE600890020D7457
:1008BD0002F0800690020D7401F0539BF0439704F3
:1008CD00800E43970843970280064397084397028B
:1008DD00539BF043970422AE82AD83AFF090021389
:1008ED00E4F074022EFAE43DFB8F048A828B838C34
:1008FD00F0129527FAA31295274A703A74042EFE2A
:10090D00E43DFD8E828D838FF0129527FEA3129507
:10091D0027FF4E700A539BF043970443970222BE64
:10092D00010DBF000A539BF04397044397022243E6
:10093D00970843970222439708439702224397084B
:10094D0043970222AD82AE83AFF09002137402F092
:10095D008D828E838FF0129527540F701F300008F3
:10096D009011087402F08005901108E4F0901109BF
:10097D00E4F0539BF0439B024397042243970843B3
:10098D00970222AE82AD83AFF08E028D038F048A63
:10099D00828B838CF0129527FA53020FBA013974AA
:1009AD00042EFEE43DFD8E828D838FF0129527FE81
:1009BD00A3129527FF4E6006BE0116BF00139011BE
:1009CD0008E4F0901109F0539BF0439B0243970408
:1009DD00224397084397022243970843970222AD7B
:1009ED0082AE83AFF08D028E038F048A828B838C4F
:1009FD00F0129527FA53020FBA02028003020AA6DB
:100A0D0074042DFDE43EFE8D828E838FF0129527AA
:100A1D00FDA3129527FEBD801BBE0018AC97530495
:100A2D0002E4A2E713CC13CC901108ECF09011095D
:100A3D00E4F0805BBD8127BE0024AC99530408E42B
:100A4D0023CCC423541F6CCC541FCC6CCC30E4028B
:100A5D0044E0901108ECF0901109E4F08031BD8272
:100A6D0027BE0024AE9A530608E423CEC423541F98
:100A7D006ECE541FCE6ECE30E40244E0901108EEDF
:100A8D00F0901109E4F08007439708439702225331
:100A9D009BF0439B024397042243970843970222FE
:100AAD00C016858116C082C083C0F0E581240BF588
:100ABD0081A81608740226FAE40836FB0886048A13
:100ACD00828B838CF0129527FAA3129527FC8A0747
:100ADD00BC01547C007A0090999EE493FDA3E493AD
:100AED00FE8D828E83E493FF7B00C3EC9FEA9B50C7
:100AFD001EEC2408FBEA3400FFEC2DF582EA3EF5EE
:100B0D0083E4938B828F83F00CBC00CB0A80C87D6D
:100B1D00087E007F00900008E0FBE5162404F8A68F
:100B2D0003087600020F04BC02028003020CC99078
:100B3D0099A2E493FBC3EF9B4003020CC99099A3C8
:100B4D00E493FAA3E493FBEF75F002A42AF582EB8C
:100B5D0035F0F583E493FFA3E493FE74092FFDE4D0
:100B6D003EFCE516240DF876000876008F828E8304
:100B7D00E5162406F8E493F6E5162406F886027BBE
:100B8D0000E516240DF8C3E69A08E69B503EE516DF
:100B9D00240DF8E5162407F9E62408F708E63400D5
:100BAD0009F7E516240DF8E62FF58208E63EF583E4
:100BBD00E493FBE5162407F88682088683EBF0E5BF
:100BCD0016240DF806B60002080680A0E5162406C8
:100BDD00F8E5162409F9E62408F7E4340009F7E5E9
:100BED00162407F8A60508A604E516240DF87600C8
:100BFD00087600E5162407F88682088683E493FFBD
:100C0D00A3E493FE8F828E83E493FB7A00E5162492
:100C1D000DF8C3E69B08E69A5034E5162409F8E56D
:100C2D0016240DF9E726FD09E70836FCE516240D17
:100C3D00F8E62FF58208E63EF583E4938D828C83EA
:100C4D00F0E516240DF806B60002080680A58F8281
:100C5D008E83E493FBE5162409F8EB26F6E40836BB
:100C6D00F6E5162407F8740226F6E40836F6E516BE
:100C7D002407F88682088683E493FAA3E4934A60F6
:100C8D0003020BF690000AE0FAA3E04A7017E5168E
:100C9D002409F8E6C39408FA08E69400FB90000ACC
:100CAD00EAF0EBA3F07D087E007F0090000AE516C8
:100CBD002404F8E0F6A3E008F6020F04E4BC0301F7
:100CCD0004FB604CEF7049FDFC909994E493FA7F1E
:100CDD0000C3ED9AEC9F5020ED2408FFEC3400FE8C
:100CED00ED2494F582EC3499F583E4938F828E8311
:100CFD00F00DBD00D40C80D17D087E007F009000EA
:100D0D0008E0FAE5162404F8A602087600020F049E
:100D1D00EB7003020DEEC0047E00EF24FFFDEE34F8
:100D2D00FFFB9099A5E493FA7C00C3ED9AEB6480E8
:100D3D008CF063F08095F0D0044003020DEE909995
:100D4D00A6E493FDA3E493FCEF24FFFAEE34FFFB3E
:100D5D00EA2AFAEB33FBEA2DF582EB3CF583E493BB
:100D6D00FEA3E493FD9000087402F090000904F0D6
:100D7D00E516240BF874012409F6E4340008F68E08
:100D8D00828D83E493FF60418F030EBE00010DE55C
:100D9D0016240BF88682088683EBF0E516240BF8F3
:100DAD00740126FAE40836FB8A828B83E4F0E5169B
:100DBD00240BF874012AF6E43B08F6900008E0FBDA
:100DCD000B0B900008EBF080B67D087E007F009045
:100DDD000008E0FBE5162404F8A603087600020FD0
:100DED0004BC224CA81608740426FFE40836FE083D
:100DFD0086058F828E838DF0129527FA70137D7D77
:100E0D007E987F80E5162404F87644087600020F5C
:100E1D0004BA01137DC17E987F80E5162404F8760F
:100E2D0076087600020F04439708439702020F4F8E
:100E3D00BC21028003020EFCA81608740426FAE4F5
:100E4D000836FB0886048A828B838CF0129527FC6A
:100E5D007048FDFC909952E493FB7A00C3ED9BEC36
:100E6D009A5020ED2408FFEC3400FEED2452F5825B
:100E7D00EC3499F583E4938F828E83F00DBD00D40D
:100E8D000C80D17D087E007F00900008E0FBE51608
:100E9D002404F8A603087600805DBC014A7F007E1D
:100EAD000090996BE493FA7C00C3EF9AEE9C50206E
:100EBD00EF2408FBEE3400FCEF246BF582EE349941
:100ECD00F583E4938B828C83F00FBF00D40E80D119
:100EDD007D087E007F00900008E0FCE5162404F8F4
:100EED00A604087600801043970843970280534369
:100EFD009708439702804BA81608740626FBE40852
:100F0D0036FA0886048B828A838CF0129527FBA310
:100F1D00129527FCE5162404F8C3EB96EC089640D1
:100F2D000AE5162404F88603088604C003C0048D60
:100F3D00828E838FF01211791581158112119F43C5
:100F4D009704851681D016229002137402F0900238
:100F5D000FE0901108F0539BF0439B01439704223F
:100F6D009002137402F0901108E4F0539BF0439B30
:100F7D00014397042243970843970222C0168581A7
:100F8D0016C082C083C0F0A81608740226FBE408C0
:100F9D0036FA0886048B828A838CF0129527FBA380
:100FAD00129527FABA02028005BA036E804DA81673
:100FBD0008740426FDE40836FE0886078D828E83AC
:100FCD008FF0129527FDA31295274D7053A8160883
:100FDD00740626FDE40836FE0886078D828E838F03
:100FED00F0129527FDA3129527FEBD0133BE0030EB
:100FFD009002137404F04397018025900213E4F0DE
:10100D00BB05099002137405F0439701900213E09C
:10101D00700E439708439702800643970843970243
:10102D00851681D01622AD82AE83AFF074022DFDF0
:10103D00E43EFE8D828E838FF0129527A3129527A5
:10104D00900212F0539BF043970422900212E0900D
:10105D001108F0539BF0439B0143970422AD82AEE0
:10106D0083AFF074042DFBE43EFA8F048B828A83E8
:10107D008CF0129527FBA3129527FC4B7018740268
:10108D002DF8E43EF98F02888289838AF012952724
:10109D00900210F0801ABB0117BC001474022DFDD4
:1010AD00E43EFE8D828E838FF0129527900211F013
:1010BD00539BF043970422AE82AD83AFF074042EA0
:1010CD00FEE43DFD8E828D838FF0129527FEA312D7
:1010DD009527FF4E700A900210E0901108F0800ED7
:1010ED00BE010BBF0008900211E0901108F0539B58
:1010FD00F0439B0143970422900213E0FFBF0415B8
:10110D00900213E4F0901100E0F582121E95539BAE
:10111D00F043970422BF051F900213E4F0901100D5
:10112D00E0FFBF050B901101E0FFBF7503D2022256
:10113D00539BF043970422900213E4F0539BF0432A
:10114D00970422900213E0FFBF010A12119F4397EB
:10115D000443970122BF0207439701439708224397
:10116D00970843970190020EE0F59622C0168581EF
:10117D0016AFF0AE83E58290020AF0EEA3F0EFA376
:10118D00F0E51624FCF8900208E6F008E6A3F0D08E
:10119D001622900208E0FEA3E0FF4E700D900213A0
:1011AD007402F0539BF0859B9B228E048F05C374B4
:1011BD00089CE49D50589002137401F090020AE0CF
:1011CD00F9A3E0FAA3E0FB7408C0E089828A838B5F
:1011DD00F012127E1581900208E0FAA3E0FBEA24DA
:1011ED00F8FAEB34FFFB900208EAF0EBA3F0900263
:1011FD000AE0F9A3E0FAA3E0FB90020A740829F0D3
:10120D00E43AA3F0EBA3F0539BF0439B0822BC08F8
:10121D0031BD002E9002137401F090020AE0FBA381
:10122D00E0FCA3E0FD7408C0E08B828C838DF0128E
:10123D00127E1581900208E4F0A3F0539BF0439BBE
:10124D0008229002137402F090020AE0FCA3E0FD64
:10125D00A3E0FFC0068C828D838FF012127E158164
:10126D00539BF0900208E0FEA3E0AD9BEE4DF59B85
:10127D0022C016858116C082C083C0F0E51624FDFC
:10128D00F8E624F740327C00E51624FDF8C3EC9611
:10129D005026EC2408FAE43411FBA81608EC26FDC0
:1012AD00E40836FE0886078D828E838FF01295270F
:1012BD008A828B83F00C80D0851681D01622AD8268
:1012CD00AE83AFF07C00BC0800501AEC2DF9E43E63
:1012DD00FA8F038C82758311E089828A838BF012D9
:0612ED00920A0C80E122D0
:10987D0005010906A101050719E029E715002501D4
:10988D00750195088102750895018101050719007B
:10989D0029FF150026FF007508950681000508199A
:1098AD000129051500250175019505910275039591
:1098BD00019101C005010980A1018501198129834B
:1098CD001500250175019503810295058101C005DE
:1098DD000C0901A101850219002AFF02150026FFBE
:1098ED0002751095018100C00600FF0901A10185D7
:1098FD000519012902150026FF0075089505B1020D
:10990D00C005010906A1018506050719E029E7151E
:10991D0000250175019508810205071900299F157C
:10992D00002501750195A08102C0120110010000F2
:10993D0000088A250C010000010203010904000042
:10994D000103010100092111010001224400070555
:10995D008103100001090401000103000000092129
:10996D001101000122760007058203400001090262
:10997D000000020100A0FA499952995B9962996B16
:10998D0099749900007B9904030904A899AC99BBBB
:10999D009937990000019299039899534D4B0041C5
:1099AD00554C41204636352028534D4B290030303B
:0399BD0030310046
:1012F300900238E4F0900239F0900237F0FFBF100B
:1013030000501BEF2417F582E43402F583E4F0EF79
:101313002427F582E43402F583E4F00F80E022E52C
:1013230082900239F022C016858116AE82AF839077
:101333000238E0FDE070068E828F838045ED75F004
:10134300A0A42482FC749A35F0FDE51624FDF8E68A
:10135300C42354E02CFCE43DFDE51624FCF8E6260A
:101363002CF582E43DF583E493FCA3E493FD8C0226
:101373008D03BA0105BB000280048C068D078E82A3
:101383008F83D01622C016858116AE82AF838E045A
:101393008F05C3EC94E0ED9400404574E79CE49D15
:1013A300403EE51624FDF8E660198E0374075BF5ED
:1013B300F005F07401800225E0D5F0FBF582121DE3
:1013C3003D80178E0374075BF5F005F0740180020E
:1013D30025E0D5F0FBF582121D4612186302148036
:1013E300C3EC9404ED9400403474A49CE49D402D1C
:1013F300E51624FDF8E660118E03C00390033A75E9
:10140300F000121C531581800F8E03C00390033A22
:1014130075F000121C9C15811218638060C3EC9454
:10142300A5ED9400402974A79CE49D4022E5162471
:10143300FDF8E6600D8E038B82121D91AA82AB83A9
:1014430080047A007B008A828B831201F5802EC38D
:10145300EC94A8ED9400402574C29CE49D401EE5E5
:101463001624FDF8E6600B8E82121DB2AE82AF83A6
:1014730080047E007F008E828F83120221D0162289
:10148300C016858116AF82900239E075F0A0A424BE
:1014930082FD749A35F0FEEFC42354E02DFDE43E43
:1014A300FEE51624FDF8E626FC2DF582E43EF583E1
:1014B300E493FDA3E493FE8D028E03C3EA9420EB31
:1014C30094524069743F9A74529B4061E51624FC20
:1014D300F8E66023C006C0057401C0E0C005C0067D
:1014E300E51624FDF8E6C0E08F821229CCE58124BD
:1014F300FCF581D005D006E51624FCF8E660118DD5
:1015030003900238741F5BF075820112379D801AB5
:1015130090033A75F000121CE5900238E4F01226AD
:10152300DD75820012379D1218630215CCE516246F
:10153300FCF8E6603DC007C004E51624FDF8E6C0EC
:10154300E0C0078D828E83121329AD82AE8315818D
:101553001581D004D007EF75F020A4243AFA740261
:1015630035F0FBEC2AF582E43BF583EDF0EEA3F0D6
:10157300801AEF75F020A4243AFA740235F0FBECDC
:101583002AF582E43BF583E0FDA3E0FEC006C00537
:10159300E51624FCF8E6C0E0C005C006E51624FD08
:1015A300F8E6C0E08F821229CCAF82E58124FCF5F6
:1015B30081D005D006EF7011E51624FCF8E6C0E0F3
:1015C3008D828E831215CF1581D01622C016858188
:1015D30016AE82AF83C007C006E51624FDF8E6C049
:1015E300E08E828F831239A8AD821581D006D00791
:1015F300ED70028031C007C006E51624FDF8E6C091
:10160300E08E828F831266F5AD821581D006D007F6
:10161300ED70028011E51624FDF8E6C0E08E828F9E
:10162300831213881581D01622C016E581F516247E
:1016330006F581E582FF2417F582E43402F583E0A1
:10164300FEE51624FDF8EE66541FFDE5162405F8A5
:10165300A605ED7014EF242AFBE43403FD8B828D81
:1016630083E070058E8202170AE5162406F87600D9
:101673007B01EF75F005A424DAFA740235F0FCA8B7
:101683001608A60208A6047D00BD05005066E516EF
:101693002405F8EB566049C007E5162403F8ED2A44
:1016A300F6E43C08F6E5162403F88682088683E010
:1016B300FF0FE5162403F88682088683EFF0BF0444
:1016C30000D0074011EB6206E5162403F886820872
:1016D3008683E4F08018E5162406F8EB46F6800EC0
:1016E300A81608ED26F582E40836F583E4F00DEB41
:1016F3002BFB8095EF242AF582E43403F583E5166A
:101703002406F8E6F08E82851681D01622125A76C8
:1017130012354F1297F312346C7F00BF1000505BE9
:101723008F82C00712347890000A122C6A12353463
:10173300AE8290000AC006122C6A123534AD82D0F4
:1017430006D007EEB50528EF2417FCE43402FDEEBE
:10175300F4FEC007C005C004C0068F8212162CAE6B
:10176300821581D004D005D0078C828D83EEF08F53
:1017730082C0071234D6D0070F80A0129526125AC2
:101783007C9002377401F022C016E581F51624100F
:10179300F581122BA9900237E07005F58202185DDE
:1017A300900237E4F0AF160FFEBE10005012EE2F7A
:1017B300F9EE2417F582E43402F583E0F70E80E9AD
:1017C300C2207E00BE10004003021857EE2FF98797
:1017D30005EE2427F582E43402F583E0FCED620490
:1017E300ECFB606CD220C007C006C005C003C02458
:1017F30012234AD024D003D005D006D0077C017A27
:1018030000BA0500503EEC5B6034C007EC5D24FF7A
:10181300E433FFC007C006C005C004C003C002C054
:1018230024C007C0068A8212148315811581D0242F
:10183300D002D003D004D005D006D007D0070AECDD
:101843002CFC80BDEE2427F582E43402F583EDF011
:101853000E0217C7A220E433F582851681D0162223
:101863001201ADE58260030218D5021870900C478F
:10187300E0FF90033AF0900C48E0420790033AEF00
:10188300F07408C0E0E4C0E07442C0E07403C0E058
:10189300E4C0E090033AF5F01292CBAE82AF83E559
:1018A3008124FBF581EE4F60287F00BF0800501BA9
:1018B300EF2442FDE43403FEEF243AF582E43403DB
:1018C300F583E08D828E83F00F80E090033A02016E
:1018D300C82290034A7406F0900C47E0FF90034B34
:1018E300F0900C48E0420790034BEFF07416C0E011
:1018F300E4C0E07460C0E07403C0E0E4C0E09003BF
:101903004AF5F01292CBAE82AF83E58124FBF581D9
:10191300EE4F60287F00BF1600501BEF2460FDE4EC
:101923003403FEEF244AF582E43403F583E08D8229
:101933008E83F00F80E090034A0201CD22AD82AE88
:1019430083AFF074022DFDE43EFE7C06C007C006A3
:10195300C005C0041201ADE582D004D005D006D085
:101963000760087D4C7E037F007C147B008C021C87
:10197300EA60158D828E838FF0129527FAA3AD82CC
:10198300AE83EA60E80B80E58B8222AD82AE83AF43
:10199300F0C007C006C0051201ADE582D005D00630
:1019A300D007603B7C00BC14005012EC244CFAE4DA
:1019B3003403FB8A828B83E070030C80E9ECC4035D
:1019C30054F8FBEC244CF582E43403F583E0F58210
:1019D300C003121D65AC82D003EC42038B822274D8
:1019E300022DFDE43EFE8D828E838FF0129527F546
:1019F3008222C01685811605810581AD82AE83AF33
:101A0300F0E51624FDF8E67005F582021ABAC00760
:101A1300C006C0051201ADE582D005D006D007602F
:101A230051E51624FDF8E6C423541FFCBC140050F2
:101A33003CEC244CFFE43403FEE51624FDF886E079
:101A43005407F5F005F07D017A008006ED2DFDEADF
:101A530033FAD5F0F78F828E83E0FB7C00ED5203DF
:101A6300EA5204EB4C24FFE433F582804A7582008A
:101A7300804574022DFDE43EFEA816087600A816E4
:101A830008B60600502EA81608E62DFAE43EFB8F92
:101A9300048A828B838CF0129527FAE51624FDF8CD
:101AA300E6B50205758201800EA81608A91609E697
:101AB30004F780CA758200851681D01622C0168568
:101AC3008116C082C083C0F07CFF7B00C3EB6480BF
:101AD3009486503AC004A81608740226FAE408361D
:101AE300FC088607EB2AFAE43CFC8A828C838FF09D
:101AF300129527FFE51624FDF8E6B50704D0048008
:101B03000DD004BCFF05EF70028B040B80BEBB0637
:101B13002ABCFF028025A81608740226FDE40836B5
:101B2300FE088607EC2DFCE43EFB8F028C828B8340
:101B33008AF0E51624FDF8E612920A851681D0167E
:101B430022C016858116058105810581AD82AE838C
:101B5300AFF074022DFDE43EFE7C00BC060050375E
:101B6300A81608EC2DF6E43E08F608A607A8160802
:101B730086820886830886F0129527FBE51624FDE6
:101B8300F8E6B5030FA8160886820886830886F050
:101B9300E412920A0C80C4851681D01622C01685E1
:101BA3008116AD82AE83AFF0E51624FDF8E6C423BB
:101BB300541FFCBC1400503B74022DFDE43EFEECAC
:101BC3002DFCE43EFB8F02E51624FDF886E0540766
:101BD300F5F005F07401800225E0D5F0FBFF8C825F
:101BE3008B838AF012952742078C828B838AF0EFCE
:101BF30012920AD01622C016858116AD82AE83AF2B
:101C0300F0E51624FDF8E6C423541FFCBC14005071
:101C13003C74022DFDE43EFEEC2DFCE43EFB8F0202
:101C2300E51624FDF886E05407F5F005F07401800D
:101C33000225E0D5F0FBF4FF8C828B838AF01295AA
:101C43002752078C828B838AF0EF12920AD01622D6
:101C5300C016858116AD82AE83AFF0C007C006C043
:101C6300051201ADE582D005D006D0076015E51653
:101C730024FDF8E6C0E090034A75F000121BA0159E
:101C8300818013E51624FDF8E6C0E08D828E838FF4
:101C9300F0121AC01581D01622C016858116AD82A6
:101CA300AE83AFF0C007C006C0051201ADE582D018
:101CB30005D006D0076015E51624FDF8E6C0E090D0
:101CC300034A75F000121BF915818013E51624FDF4
:101CD300F8E6C0E08D828E838FF0121B441581D00D
:101CE3001622AD82AE83AFF0C007C006C005120155
:101CF300ADE582D005D006D00760187414C0E0E4C7
:101D0300C0E0C0E090034CF5F01294CC158115812E
:101D130015812274022DFDE43EFE7406C0E0E4C08A
:101D2300E0C0E08D828E838FF01294CC15811581F3
:101D3300158122900C47E0F58222AF82900C47E098
:101D43004FF022E582F4FF900C47E05FF022E5823A
:101D5300900C47F022900C47E4F022900C48E0F5F9
:101D63008222AF827E00EFC4540FFD60048D077E94
:101D730004EF0303543FFD60088D078E0574022DA5
:101D8300FEEFC31360058E07EF04FE8E8222AF823F
:101D9300BFA502800ABFA6028009BFA70E800890D4
:101DA300000122900002229000042290000022AF42
:101DB30082BFA8005003021E77EF243D5003021E8A
:101DC30077EF2458FF240A83F582EF241F83F583DA
:101DD300E4730B0F13171B272F332B373B3F4B4F4B
:101DE30053575B5F6B1F23636743476F731E1E1E4F
:101DF3001E1E1E1E1E1E1E1E1E1E1E1E1E1E1E1E00
:101E03001E1E1E1E1E1E1E1E9000E2229000E922B0
:101E13009000EA229000B5229000B6229000B322EF
:101E23009000B4229000B7229000CC229000CD22E3
:101E33009001832290018A229001922290019422A0
:101E430090019F229001CB22900221229002232213
:101E53009002242290022522900226229002272219
:101E630090006F229000702290022A2290029F22FB
:081E73009002A0229000002261
:02A9D70000007E
:101E7B00900376E4F0900377F0900378F090037979
:101E8B00F090037AF090037BF022AF82900376EF11
:101E9B00F02222021E9D7435C0E090037D1232BAEF
:101EAB00AF821581EF600475820122740BC0E09044
:101EBB00037D1232BAAF821581EF7003F582227F58
:101ECB000BBF3500500FEF247DF582E43403F5830F
:101EDB00E4F00F80EC758201229003B2E4F0125A09
:101EEB00827435C0E090037D1233601581025A88ED
:101EFB009003B27401F0229003B2E06003021EE47F
:101F0B0022C016858116AF82BF00028038BF010246
:101F1B008005BF02308017E51624FCF886821292EA
:101F2B00C3AF82E51624FBF8E62FF5828036E51663
:101F3B0024FDF886821292C7AF82E51624FBF8E6E1
:101F4B002FF582801FE51624FCF8E6C0E0E5162489
:101F5B00FDF88682129872AF821581E51624FBF884
:101F6B00E62FF582D01622C016E581F5162406F56C
:101F7B0081AF82BF55005064E51624FBF8A9160902
:101F8B00E6F708E609F708E609F78F03EB75F003A8
:101F9B00A4D394FFF4FBA8160886820886830886D0
:101FAB00F0EB12920AA81608740126FAE40836FB25
:101FBB000886068A828B838EF0E412920AA8160892
:101FCB00740226FCE40836FD088606EF75F003A4C0
:101FDB008C828D838EF012920A0220ADBFAA005024
:101FEB00668F06EE24ABFFE51624FBF8A91609E66F
:101FFB00F708E609F708E609F7A8160886820886A7
:10200B00830886F0E412920AA816080426FAE4085C
:10201B0036FD088606EF75F003A48A828D838EF059
:10202B0012920AA81608740226FCE40836FD0886EC
:10203B00068F03EB75F003A4D394FFF48C828D838E
:10204B008EF012920A805BEF2456FFE51624FBF804
:10205B008604088605088606EF75F003A48C828D2E
:10206B00838EF012920AE5162404F874012CF6E420
:10207B003D08F608A606EF75F003A4D394FFF4FF12
:10208B00E5162404F886820886830886F0EF129200
:10209B000A74022CFCE43DFD8C828D838EF0E412DD
:1020AB00920A851681D01622C016E581F5162406F4
:1020BB00F581AF82BF0360E51624F7F88602088628
:1020CB0003088607E5162404F874012AF6E43B0896
:1020DB00F608A60774022AFCE43BFD8F068C828D62
:1020EB00838EF0E51624FAF8E612920AE51624041C
:1020FB00F886820886830886F0E51624FAF9E7123B
:10210B00920A8A828B838FF0E51624FAF8E61292F4
:10211B000A758201022260BF04004006758200022C
:10212B002260E51624FBF8E6C0E0E51624FCF8E691
:10213B00C0E0E51624FDF8E6C0E08F82121F0CAF5D
:10214B0082158115811581E51624F7F8E6C0E008A4
:10215B00E6C0E008E6C0E08F82121F721581158180
:10216B001581E51624F7F886050886060886078D7F
:10217B00828E838FF0129527FC7B00E51624FAF8EC
:10218B00A91609E6F7097700C007C006C005A8160F
:10219B0008E6C0E008E6C0E08C828B83129227AC85
:1021AB008315811581D005D006D0078C038D828EC7
:1021BB00838FF0EB12920AE5162404F874012DF6C6
:1021CB00E43E08F608A607E5162404F8868208867E
:1021DB00830886F0129527FC7B00C007C006C0055C
:1021EB00A81608E6C0E008E6C0E08C828B8312924A
:1021FB0027AC8315811581D005D006D0078C03E55C
:10220B00162404F886820886830886F0EB12920A5D
:10221B0074022DFDE43EFE8D828E838FF012952786
:10222B00FC7B00C007C006C005A81608E6C0E00886
:10223B00E6C0E08C828B83129227AC8315811581CB
:10224B00D005D006D0078C038D828E838FF0EB12D6
:10225B00920A758201851681D01622C016858116C9
:10226B00AF82BF031DE51624F8F88604088605081F
:10227B0086068C828D838EF074FF12920A75820112
:10228B00805ABF040040057582008050E51624FB80
:10229B00F8E6C0E0E51624FCF8E6C0E0E51624FD00
:1022AB00F8E6C0E08F82121F0CAF821581158115E5
:1022BB0081E51624F8F88604088605088606BF8093
:1022CB00005005EF2FFB800774FFC39F25E0FB8CAD
:1022DB00828D838EF0EB12920A758201D0162290BA
:1022EB0003B3E4F0A3F09003B5F09003B6F022E54E
:1022FB00827001229003B5E060109003B5E4F0907A
:10230B0003B3F0A3F09003B6F0229003B3E0FEA367
:10231B00E0FFC3EE9408EF945250239003B3E024F4
:10232B0001FEA3E03400FF9003B3EEF0EFA3F0C384
:10233B00EE9408EF945240069003B67401F022908D
:10234B0003B57401F022AF82BF01028005BF0214F6
:10235B00800B9003B6E024FFE433F58222A201E464
:10236B0033F5822275820022123600AF82C007122B
:10237B002351E582D0077007BF01012202234A9047
:10238B0003B6E4F0BF0203048001E4B40100E433BC
:10239B00FFC00712244A125A76123604D0078F82D6
:1023AB0012312512360A125A7C12244D02234A90FE
:1023BB0003B77401F09003B8E4F00231D1D310AF3E
:1023CB0001C3C0D09003B9E0FEA3E0FFD0D092AF21
:1023DB008E828F83227582001231E61217109003C2
:1023EB00B9E0FEA3E0FF9003B974012EF0E43FA324
:1023FB00F0227582011231E6129226E4C0E09003BE
:10240B0076F5F0125D13AF821581C007129225D0BD
:10241B00078F820222FA9003B7E0600C9003B7E4B7
:10242B00F09003B8F00223E01223FD9003B8E024F0
:10243B0001FFF0BF010040069003B77401F02202C8
:10244B0031FB0231FE900386E0B40100B39220E42D
:10245B0033F58222E5829003EEF022122450E582BE
:10246B0060069003EEE07004C2208002D220A2200E
:10247B00E433F58222AF82C007122450AE82D0071C
:10248B00EEB5070122EF60047E0180027E0090030F
:10249B0086EEF0C007121EFBD0078F8202375590D5
:1024AB0003EDE0FFE06008E4BF020104FF800712C8
:1024BB002450AE828E07EF24FFE433F58222AF82E5
:1024CB00C0071224AAAE82D007EEB50701229003F3
:1024DB00EBE0600FEF60047E0280027E019003ED63
:1024EB00EEF0229003EDE4F08F820224801224AAF6
:1024FB00E582B401009220E433F5820224C97F0007
:10250B009003EBE0FEC3EF9E5022EF75F004A42482
:10251B00BBFD740335F0FE74022DFDE43EFE8D828F
:10252B008E83E06004758201220F80D475820022B5
:10253B00121D36AF825307DD9003EBE0FEE0606BBC
:10254B00EE14FDC2D575F004ED30E704B2D5F404FA
:10255B00A430D50AF42401C5F0F43400C5F024BB33
:10256B00FC740335F0FD74022CFCE43DFD8C828D74
:10257B0083E060371EC2D575F004EE30E704B2D5A8
:10258B00F404A430D50AF42401C5F0F43400C5F0EA
:10259B0024BBFD740335F0FE74032DFDE43EFE8D6C
:1025AB00828E83E0600B43070280069003ECE042CF
:1025BB00078F822212253B021D51AF829003EBE065
:1025CB00FE1E8E05ED20E731C2D575F004ED30E728
:1025DB0004B2D5F404A430D50AF42401C5F0F434C4
:1025EB0000C5F024BBF582740335F0F583E0B50725
:1025FB00038E82221D8D0680CB7582FF22AF828FC8
:10260B0006EE04FD9003EBE0FCC3ED9C50580EC2AC
:10261B00D575F004EE30E704B2D5F404A430D50A36
:10262B00F42401C5F0F43400C5F024BBFD7403356C
:10263B00F0FE7B00EF75F004A424BBF9740335F0B6
:10264B00F87A00C0077404C0E0E4C0E0C005C0061F
:10265B00C003898288838AF0129439E58124FBF5C3
:10266B0081D0070F8099EC149003EBF022C01685F4
:10267B008116AF827E007D00BD14005030ED75F0E9
:10268B0004A424C0FB749935F0FC8B828C83E493F7
:10269B00B507158B828C83A3E493FCE51624FDF818
:1026AB00E6B504048E8280080D8D0680CB7582FF03
:1026BB00D016229003EBE070189003EDE0FFE06082
:1026CB0010E4BF020104FF9003EDE4F08F820224BB
:1026DB0080229003EBE4F01225BF0226BEC01685C4
:1026EB00811605810581AE82AF838E048F05BCE117
:1026FB0005BD00028006BCE548BD00458E035303B3
:10270B00078BF005F07401800225E0D5F0FBFBE5AB
:10271B001624FDF8E660089003ECE04BF08009EB23
:10272B00F4FB9003ECE05BF0122509E58270067573
:10273B0082010229071225BF121863758200022934
:10274B0007C3EC9404ED9400400774A49CE49D50E3
:10275B0006758201022907E51624FDF8E6700302CF
:10276B00288A9003EBE0FFBF0C0040067582010244
:10277B0029079003ECE0B401009220B3E433FFC0CF
:10278B0007C006122466E582D006D0076015C00785
:10279B00C006C0078E82122678AD821581D006D076
:1027AB000780027DFFC0079003EBE0FC04F0EC75A3
:1027BB00F004A4ABF024BBFCEB3403FB8C828B83C7
:1027CB00EEF074022CFAE43BFFBDFF03D38001C390
:1027DB009220B392218A828F83A221E433F0A81630
:1027EB000874012CF6E43B08F6D00720201CC00728
:1027FB00ED75F004A424C0FA749935F0FF8A828F2A
:10280B0083A3A3E493FAD00780028E02A81608864E
:10281B0082088683EAF074032CFCE43BFB20201D2A
:10282B00C004ED75F004A424C0FA749935F0FC8A49
:10283B00828C83A3A3A3E493FED00480028F06EEC5
:10284B0024FFE4338C828B83F0BDFF10122509E546
:10285B008260031225BF7582010229071225BFA8CA
:10286B0016088682088683E0FFC00790033A75F04E
:10287B0000121C5315811218637582000229078EF2
:10288B00821225C5E582FF30E705758201806DC296
:10289B00D575F004EF30E704B2D5F404A430D50AB3
:1028AB00F42401C5F0F43400C5F024BBFD740335EA
:1028BB00F0FE8D828E83A3A3E0FC8D828E83A3E03A
:1028CB00FE8F82C006C004122608D004D006EC701E
:1028DB0012122509E58260031225BF1226BE7582EE
:1028EB00018019C0061225BF90033A75F000121C27
:1028FB009C15811218631226BE758200851681D035
:02290B00162292
:1099C00035012E011F012F0023012E002401230148
:1099D0002501340126012501270126012D018701DA
:1099E0002E002D012E0133012F0030002F013001F8
:1099F000300032003001320131008700310189012D
:109A0000330134003400240134011F0135002F01DB
:10290D00AF838F0653061F7FE0EE30E3047FE38035
:10291D000EEE30E2047FE28006EE30E1027FE1EE62
:10292D0030E4068F0674042EFF7E008F828E832284
:10293D00E58275F007A424EFFE740335F0FF8E8257
:10294D008F837402F08E828F83A3A3A3E0FEA3E096
:10295D00FF8E828F8312290DAE82AF837401C0E08A
:10296D008E828F831215CF158122C016858116AFE9
:10297D00827E007D00BD0200503FC006ED75F00760
:10298D00A424EFFB740335F0FC8B028C068A828E37
:10299D0083E0D006601E8B828C83A3E0B507158B78
:1029AD00828C83A3A3E0FCE51624FDF8E6B50404B0
:1029BD008E8280080D8D0680BC758202D01622C0D5
:1029CD0016858116AF82C007E51624FDF8E6C0E036
:1029DD008F82122977AE821581D007E51624FAF879
:1029ED00E67003022ADE7D00BD0200502EED75F06B
:1029FD0007A424EFF582740335F0F583E0FCBC01E8
:102A0D0017EDB5060280118D82C007C006C00512F4
:102A1D00293DD005D006D0070D80CDE51624FBF855
:102A2D00860408860574E02D5009C374FF9C743F1D
:102A3D009D5006758200022BA67D00BD0200506DD3
:102A4D00ED75F007A424EFFB740335F0FC8B068CB9
:102A5D00028E828A83E070528E828A837401F08B9B
:102A6D00828C83A3EFF08B828C83A3A3E51624FDC8
:102A7D00F8E6F08B828C83A3A3A3E51624FBF8E67E
:102A8D00F008E6A3F074052BFFE43CFEC007C0067A
:102A9D001223C8AA82AC83D006D0078F828E83EA18
:102AAD00F0ECA3F0758201022BA60D808EE51624A5
:102ABD00FBF8868208868312290DAD82AF837401DF
:102ACD00C0E08D828F831215CF1581758201022B87
:102ADD00A6BE0241E51624FBF8860508860774E0BC
:102AED002F502CC374FF9D743F9F4023E51624FB8C
:102AFD00F8868208868312290DAD82AF83E4C0E08B
:102B0D008D828F831215CF1581758201022BA675CB
:102B1D008200022BA6EE75F007A424EFFE74033598
:102B2D00F0FF8E048F058C828D83E0FBBB01368E0A
:102B3D00828F83A3A3A3E0FB7A00C005C004C0036A
:102B4D00C0027401C0E08B828A831215CF1581D02B
:102B5D0002D003E4C0E08B828A831215CF1581D099
:102B6D0004D005802B8E828F83A3A3A3E0FEA3E068
:102B7D00FF8E828F83C005C00412290DAE82AF83F4
:102B8D00E4C0E08E828F831215CF1581D004D0055D
:102B9D008C828D83E4F0758201D016221223C8AE8B
:102BAD0082AF837D00BD02005048ED75F007A4246F
:102BBD00EFFB740335F0FC8B828C83E0FABA012FA6
:102BCD008B828C83A3A3A3A3A3E0FBA3E0FCEEC3A2
:102BDD009BFBEF9CFCC3EB941DEC940140118D828B
:102BED00C007C006C00512293DD005D006D0070D7F
:102BFD0080B322C2AF53A9FD90FF80E47F12F0A3F2
:102C0D00DFFCF5E2F5E3F5E47904E9440060237AAD
:102C1D00017BD77CA97D477E0C8C838B82E493A3AB
:102C2D00AB82AC838E838D82F0A3AD82AE83D9E966
:102C3D00DAE775820022AE82AF83BE0005BF0003C6
:102C4D00801A0F801300000000000000000000003B
:102C5D000000000000000000DEEBDFE922AE82AFD5
:102C6D0083EE4F7001228E828F83022C43AE82AF92
:102C7D00838E048F051EBEFF011FEC4D601F7D006E
:102C8D00BD040050EC75B1009000FAC007C006C03D
:102C9D0005122C6AD005D006D0070D80E322C2AFF5
:102CAD0075F0A5745A02FF00758F01229003FDE5A2
:032CBD00B1F02251
:030137007508FF49
:102CC00075080253A8FB3275080353A8F73275083C
:102CD0000453A8EF3275080553A8DF327508065370
:102CE000A8BF3275080953A9FB3275080A53A9F722
:102CF0003275080B53A9EF32C016858116AF82D307
:102D000010AF01C3C0D0EF60027401FF8FA77F0036
:102D1000E51624F9F8C3EF96502E8F06E51624FC2D
:102D2000F886040886057B00EE2CFCEB3DFDE516DD
:102D300024FAF8EF26FBE40836FE8C828D83E493B8
:102D40008B828E83F00F80C875A700D0D092AFD051
:102D50001622C016858116AF82D220D310AF01C3D0
:102D6000C0D0EF60047F0180027F008FA77F00E565
:102D70001624F9F8C3EF9650388F06E51624FCF8B0
:102D800086040886057B00EE2CFCEB3DFD8C828DD5
:102D900083E493FEE51624FAF8EF26F582E408367C
:102DA000F583E0FDEEB505028004C22080030F80AC
:102DB000BE75A700D0D092AFA220E433F582D01622
:102DC00022C016858116AF8275B100D310AF01C342
:102DD000C0D08FA7E51624FCF80886F7E51624FC7A
:102DE000F886FBE51624FAF886FCE51624FBF8863F
:102DF000F275F30575F40A75F50975F6060000001D
:102E0000000075F70075A700D0D092AFD01622C091
:102E1000168581160581E58260027401FFA81608F7
:102E2000A6077E00E51624F9F8C3EE965043E51692
:102E300024FAF8EE26F582E40836F583E0FD8E04E8
:102E4000E51624FCF886020886037F00EC2AFAEFD8
:102E50003BFBC006C005746EC0E0C002C003A816EC
:102E6000088682122DC1E58124FCF581D0060E80F2
:102E7000B31581D01622C016858116E582600274D2
:102E800001FFE4C0E074E6C0E0E51624FCF8E6C00B
:102E9000E008E6C0E08F82122DC1E58124FCF581B7
:102EA000D0162275B20875BC027E007F00C3EE9476
:102EB00020EF944E5011E5BC030354017009F5B1A5
:102EC0000EBE00E90F80E643BC0143B204227F003E
:102ED000BFC8005004000F80F722D310AF01C3C059
:102EE000D043B20843BC0275B100122ECE75BC03AC
:102EF00075B20C75B100D0D092AF22C01685811684
:102F0000C082C083C0F0E51624FDF8E624EF40320D
:102F10007C00E51624FDF8C3EC965026EC2420FA3C
:102F2000E43411FBA81608EC26FDE40836FE0886FA
:102F3000078D828E838FF01295278A828B83F00C07
:102F400080D0851681D01622C016858116C082C019
:102F500083C0F0E51624FDF8E624BF40327C00E58E
:102F60001624FDF8C3EC965026EC2480FAE43411C4
:102F7000FBA81608EC26FDE40836FE0886078D82BD
:102F80008E838FF01295278A828B83F00C80D085F8
:102F90001681D016227F00BFFF005015E59930E260
:102FA0001075B100900028C007122C6AD0070F805E
:102FB000E6227F00BFFF005015E59A30E21075B1A0
:102FC00000900028C007122C6AD0070F80E62275F7
:102FD000960075945F7595117591C043A90122758E
:102FE000960053913B53A9FE22C016858116AD82EF
:102FF000AE83AFF0C007C006C005122F95D005D034
:1030000006D007E51624FDF8E6C0E08D828E838F9A
:10301000F0122EFB1581539CE0E51624FDF8E642E4
:103020009C439904D01622C016858116AD82AE83CA
:10303000AFF0C007C006C005122FB2D005D006D031
:1030400007E51624FDF8E6C0E08D828E838FF0122E
:103050002F481581539D80E51624FDF8E6429D43D7
:103060009A04D016222222C024C0E0C0F0C082C040
:1030700083C007C006C005C004C003C002C001C0B1
:1030800000C0D075D000AF86AEA7D204C007C0067E
:103090001205F5D006D0078EA78F86D0D0D000D0ED
:1030A00001D002D003D004D005D006D007D083D001
:1030B00082D0F0D0E0D0240200B422E58270044334
:1030C00091012202029253B2FB53BCFE53BCFD534A
:1030D000B2F722AF8243948553927AEF700475A9B8
:1030E000012275A900538FFE2200758E5543870279
:1030F00000000000000022AF825392FD5391FE9029
:1031000003FEE060084391029003FEE4F0EF7009D3
:1031100075945F43A901C20122438F019001F4120B
:103120002C6A02024DAF82C0071230BB1230C6D0EB
:10313000078F82C0071230D375B1009003FEE4F010
:103140001230E9122EDAD0078F820230F7C024C085
:10315000E0C0F0C082C083C007C006C005C004C084
:1031600003C002C001C000C0D075D0001231A990C8
:1031700003FE7401F0D0D0D000D001D002D003D033
:1031800004D005D006D007D083D082D0F0D0E0D0D4
:10319000240200B49003FEE0B401009220B3E433B3
:1031A000FF9003FEE4F08F822275E800221231A91D
:1031B00075BAF375B640D2A922C2A90231A9AE826E
:1031C000AF83C2CA8F058DCB8ECA8DCD8ECCD2CAAD
:1031D00022C2CA75C80075C90090FCDF1231BEC298
:1031E000CFD2A8D2CA22E58270067E377FFF800444
:1031F0007EDF7FFC8E828F830231BEC2A822D2A8DE
:1032000022C024C0E0C0F0C082C083C007C006C096
:1032100005C004C003C002C001C000C0D075D0000A
:10322000C2CF122421D0D0D000D001D002D003D000
:1032300004D005D006D007D083D082D0F0D0E0D023
:10324000240200B432C016858116AE82AF837D00A1
:103250007C00E51624FDF8C3EC96500EEC2EF582AA
:10326000E43FF583E02DFD0C80E88D82D01622AF7F
:1032700082C0077403C0E074FFC0E07403C0E0E4E0
:10328000C0E074ECC0E0758200122CF8E58124FBEC
:10329000F581D0079003FFE0FEBE5A11900400E0D4
:1032A000FEBEA509900401E0B507028004C220809B
:1032B00002D220A220E433F58222C016858116AE08
:1032C00082AF83E51624FDF88682C007C00612325D
:1032D0006FE582D006D0077005F58202335DC00726
:1032E000C006E51624FDF8E6C0E0C006C00774037A
:1032F000C0E074ECC0E0758200122CF8E58124FB7C
:10330000F581E51624FDF886057C0074032DFD7417
:10331000EC3CFC7401C0E074FFC0E07403C0E0C08A
:1033200005C004758200122CF8E58124FBF581D0DC
:1033300006D0079003FFE0FDC005E51624FDF8E682
:10334000C0E08E828F83123245AF821581D005EDA9
:10335000B50703D38001C39220E433F582D016224F
:10336000C016858116AE82AF83E51624FDF88682ED
:10337000C007C00612326FE582D006D0076030C0A9
:1033800007C006E51624FDF8E6C0E0C006C00774D5
:1033900003C0E074ECC0E0758200122D52AD82E5EE
:1033A0008124FBF581D006D007ED6003023469C0AB
:1033B00007C006E4C0E074ECC0E0758200122E760F
:1033C000158115819003FF745AF0900400F4F09079
:1033D0000401E51624FDF8E6F07403C0E074FFC0B4
:1033E000E07403C0E0E4C0E074ECC0E07582001259
:1033F0002E0FE58124FBF581D006D007C007C0065B
:10340000E51624FDF8E6C0E0C006C0077403C0E07E
:1034100074ECC0E0758200122E0FE58124FBF5816B
:10342000D006D007E51624FDF8E6C0E08E828F8333
:10343000123245AF8215819003FFEFF0E51624FDAF
:10344000F886077E0074032FFF74EC3EFE7401C003
:10345000E074FFC0E07403C0E0C007C006758200DE
:10346000122E0FE58124FBF581D0162243B02D43A7
:103470008887E5C075C0FF22E582FF24F050012255
:10348000EF2F90348673801E801F80208021802241
:103490008023802480258026802780288029802AF8
:1034A000802B802C802DC2C022C2C122C2C222C267
:1034B000C322C2C422C2C522C2C622C2C722C28837
:1034C00022C28922C28A22C28F22C2B022C2B22262
:1034D000C2B322C2B522E582FF24F0500122EF2FB1
:1034E0009034E473801E801F8020802180228023FE
:1034F000802480258026802780288029802A802B90
:10350000802C802DD2C022D2C122D2C222D2C3228C
:10351000D2C422D2C522D2C622D2C722D28822D277
:103520008922D28A22D28F22D2B022D2B222D2B320
:1035300022D2B522E5F8C313FF530707E5885418D4
:1035400042074307E0C00712413ED0078F82225353
:1035500090C05398C053A0C0227580047590007528
:10356000980075A00075B06D75888775C0FF75F8F7
:103570001075E10475E23F75E33F75E43F75E56F53
:1035800075E68775E7FF75D17075E9F875EA3F75DF
:10359000EB3F75EC3F75ED6F75EE9F75EFFF75D9DD
:1035A000DF758C0575A500758C4575A600758C8535
:1035B00075BB00758CC5758D00758C002202355960
:1035C0001235597582001234787F007E00BE1000DB
:1035D000501D75B1009001F4C007C006122C6A128C
:1035E0003534E582D006D00720E0010F0E80DE756D
:1035F0008200C0071234D6D007BF1003022CAB22C2
:1036000075820022758210025A55758210025A5C2A
:10361000900238E0F5820266DC900387E0B4010096
:10362000B39220E433F582C0241266D2AF82D02454
:103630008F82C024121322D024B220A220E433F5BA
:103640008202245F125198E582B401009220E43393
:10365000F58222121EA1E58270069003857401F0A6
:10366000900385E0F5821251A6125198E582B401CB
:10367000009220E433F58222123619123F73124071
:1036800058124422125198E582700353A9BF229028
:103690000387E4F090038504F0900386E4F0028E43
:1036A00030900387E024FE5005900387E4F09003F8
:1036B00086E024FE5005900386E4F0128EAF1236A9
:1036C00019900385E0F5820251A6A2B4B392FE12CE
:1036D0003F83AE82AF83900402E0FCA3E0FDEEC323
:1036E0009CFCEF9DFDC3EC940AED940050012290E8
:1036F0000402EEF0EFA3F0125325125198E582B4C4
:103700000100B39220A2FFB39221E433FFA2B4E4FC
:1037100033FEA220E433C0E0C0078E821246AC150F
:1037200081158102567190033A75F000121CE51262
:103730001D581218630226DD7582001224C99003F9
:1037400087E0600B900387E4F012372612361912D7
:103750008E30021EFB02699B900404E0F58222C0B9
:1037600016858116AE82AF839004077401F0E516CA
:1037700024FDF8E6C0E08E828F831215CF1581906C
:103780000407E4F0D01622900405E0600F900405D1
:10379000E4F0C0E09000E512375F158122E5826019
:1037A00008900406E4F0023787900404E060069075
:1037B00004067401F022C016E581F5162404F58193
:1037C000AF82E51624FDF8E67003023913900387F3
:1037D000E0B40100B39220C007C024123758AE8273
:1037E000D024D007A220E433B50631EF75F002A44F
:1037F000240CFD740435F0FE8F037C00743A2BFB1F
:10380000E43CFC8D828E83EBF0ECA3F07401C0E00D
:103810008B828C8312375F15810239A2302018EF1A
:1038200075F002A42410F582749A35F0F583E493C0
:10383000FDA3E493FE8016EF75F002A42428F58220
:10384000749A35F0F583E493FDA3E493FEE5162422
:1038500003F8A60508A606EF75F002A4240CFB7475
:103860000435F0FC8B828C83E5162403F8E6F0081F
:10387000E6A3F0E5162403F88605088606BD0106D2
:10388000BEF003ED8001E4FF7006BD025DBEF05A9C
:1038900090040AE0FA04F0EA702CC007121D36AA60
:1038A00082D007EA03035401B40100922090040B74
:1038B000E433F0302010C0077401C0E09000E21241
:1038C000375F1581D007EF60047A2B80027A29A830
:1038D0001608A6020876007401C0E0A816088682C1
:1038E00008868312375F15818026E5162403F8E6E3
:1038F0000846601C8D0274804EFE8B828C83EAF039
:10390000EEA3F0E5162403F88682088683120221CE
:103910000239A2EF75F002A4240CFE740435F0FF06
:103920008E828F83E0FCA3E0FD8E828F83E4F0A380
:10393000F08C068D07BE0106BFF003048001E4FB96
:103940007006BE0241BFF03EEB60047F2B80027F19
:1039500029E4FEC0E08F828E8312375F15819004C8
:103960000AE0FFE0603CEF1490040AF0E07033904E
:10397000040BE0602D90040BE4F0C0E09000E21234
:10398000375F1581801CED30E7089000001202219E
:103990008010EC4D600CE4C0E08C828D8312375FA8
:1039A0001581851681D01622C016858116AE82AF8C
:1039B00083E51624FDF8E66027C007C006123F9B8A
:1039C000125198E582D006D0076015C007C00612D4
:1039D0004684E582D006D0076006758200023D4924
:1039E0008E048F05BC2A47BD0044E51624FDF8E689
:1039F0006023C007C006C005C004123610E582D09F
:103A000004D005D006D007600C9004247401F07532
:103A10008200023D49E51624FDF8E6701190042469
:103A2000E0600B900424E4F0758200023D499004AC
:103A300007E06003023BABBCE534BD0031E5162472
:103A4000FDF88603900404EBF0900406E4F0EB60CC
:103A5000099004057401F0023AF1900405E0600851
:103A6000900405E4F0023AF1758200023D49BC473A
:103A700020BD7E1DE51624FDF88603900404EBF0BE
:103A8000EB7008900406E4F0123787758200023D5F
:103A900049E51624FDF8E66058900406E06052C33C
:103AA000EC9404ED9400404974A49CE49D40429041
:103AB0000406E4F0900404E06037C007C006C005C7
:103AC000C004123610E582D004D005D006D00770AD
:103AD000209004057401F0C007C006C005C004C0F2
:103AE000E09000E512375F1581D004D005D006D0F4
:103AF00007E4BC3504BD000104FB6078E51624FD35
:103B0000F8E66070C007C006C005C004C0031236E6
:103B100010E582D003D004D005D006D0076055C090
:103B200007C006C005C004C003123758E582D003A1
:103B3000D004D005D006D007603A9004087401F094
:103B4000121D36E582035401B4010092209004094D
:103B5000E433F030200C7401C0E09000E112375FD4
:103B600015817401C0E090003512375F15817582B0
:103B700000023D49EB6034E51624FDF8E6702C9018
:103B80000408E06026900408E4F0C0E090003512DC
:103B9000375F1581900409E0600BE4C0E09000E11C
:103BA00012375F1581758200023D49BC1950BD0076
:103BB0004DE51624FDF8E6602CC007C006C005C020
:103BC00004123610E582D004D005D006D007601567
:103BD0009004257401F0900424E0600312373875D6
:103BE0008200023D49E51624FDF8E6701190042597
:103BF000E0600B900425E4F0758200023D49C007A7
:103C0000C006C005C004E51624FDF8E6C0E08E82BB
:103C10008F83129021AB821581D004D005D006D0BD
:103C200007EB7005F582023D49C007C006C005C01C
:103C300004E51624FDF8E6C0E08E828F831226E8A4
:103C4000AB821581D004D005D006D007EB7005F506
:103C500082023D49C3EE9440EF947E5003023D46FC
:103C6000C374549E747E9F5003023D46EC24C0FBF7
:103C7000240A83F582EB241983F583E473A70E0EDF
:103C8000D2E7E7E746B8B8B8B8B8B8B8B8B8B8B87F
:103C9000B8FF3C3D3D3C3C3C3C3D3C3C3C3C3C3C22
:103CA0003C3C3C3C3C3C3CE51624FDF8E660031201
:103CB00024F8758200023D498E03EB24B8FBE5161B
:103CC00024FDF8E6C0E08B821237B61581758200BC
:103CD0008077E51624FDF8E6C0E07582001253A552
:103CE0001581758200806274BD2EFEE51624FDF8F4
:103CF000E6C0E08E821253A51581758200804AE5E8
:103D00001624FDF886821269A2758200803BE516B2
:103D100024FDF8E6602B900387E0FFE4BC4204BD7D
:103D20007E0104FE60027401FDEFB505028012EE13
:103D300060027401900387F0123726123619121EA2
:103D4000FB7582008003758201D01622AE82AF839C
:103D5000C007C006125198E582D006D00770078EC2
:103D6000828F830202B78E828F83024E33AE82AF80
:103D700083C007C006125198E582D006D0077007AD
:103D80008E828F830202DD22AE82AF83C007C0061F
:103D9000125198E582D006D00770078E828F830279
:103DA00003038E828F83024ED612519812509F12B7
:103DB000543A125198E5827003200104C220800217
:103DC000D220A220E433F582125AA8125198E5823B
:103DD000600122C2207F00BF1000502CEF2417F595
:103DE00082E43402F583E0FEEF2426F582E4340415
:103DF000F583E0F45E6002D220EF2426F582E434FD
:103E000004F583EEF00F80CF200106900436E4F035
:103E100022900436E0701A9004367401F0C0241227
:103E200023C8E5828583F0D024900437F0E5F0A321
:103E3000F03020221223C8AE82AF83900437E0FC1A
:103E4000A3E0FDEEC39CFEEF9DFFC3EE9408EF944C
:073E50000040030203702291
:109A100070006F009F02A00200000000B600CD00A1
:109A2000B500E200EA00E90070006F0001F002F00A
:109A300023028A01B600CD00B500E200EA00E90089
:103E5700C0E0C0F0C082C083C007C006C0D075D024
:103E67000053DADF900439E0FEA3E0FF90043974D1
:103E7700012EF0E43FA3F0E50904F50910040280E0
:103E87000990043FE4F0A3F0802390043FE0FEA3F1
:103E9700E0FFBEFF05BFFF02801390043FE0FEA3D3
:103EA700E0FF90043F74012EF0E43FA3F090043B41
:103EB700E02401FEA3E03400FF90043BEEF0EFA303
:103EC700F0C3EE94E9EF9403402A90043BE4F0A397
:103ED700F090043DE0FEA3E0FFBEFF05BFFF0280B8
:103EE7001390043DE0FEA3E0FF90043D74012EF023
:103EF700E43FA3F0E50F6012E50F14F50F700B20F8
:103F0700050853E1FBD28285091030B750E50A60F6
:103F17004CD310AF01C3C0D074FE250C4038E50B5D
:103F27002486F582E43404F583E50AF0E50C04F50C
:103F37000CE50B04FF8F0BBF0303750B00E50B7537
:103F4700F002A42440F582749A35F0F583E493F5E2
:103F57000DA3E493F50E750A00D0D092AFD0D0D060
:103F670006D007D083D082D0F0D0E03275DA03755F
:103F7700DE0B75DDB875DAC343A92022D310AF0174
:103F8700C3C0D0900439E0FEA3E0FFD0D092AF8E3B
:103F9700828F8322D310AF01C3C0D090043DE4F0D9
:103FA700A3F090043BF0A3F090043FF0A3F0D0D02F
:103FB70092AF22D310AF01C3C0D090043FE0FEA35D
:103FC700E0FFD0D092AF8E828F8322D310AF01C390
:103FD700C0D090043DE0FEA3E0FFD0D092AF8E8228
:103FE7008F8322C0E0C082C083C007C0D075D000D5
:103FF70010D802801B74E9250A4040E50A250DF513
:1040070082E4350EF583E5AAF0E50A04F50A802B6C
:1040170010D9028026C3E5119512400CC205850907
:104027001053E1FBD2828013E51104F511E5112449
:104037008AF582E43404F583E0F5AAE5D854E06014
:104047000353D81FD206D0D0D007D083D082D0E078
:104057003253A9BF75AD0075AE0075AF0075D800B6
:1040670075D85075ADFF75AEFB75AF0CC2D9C2D808
:1040770043874043B54043B940C205AF091F1F8F6F
:1040870010750A00750B00750C00900489E4F07533
:104097000D41750E0443A9402253A9BF53D8BF222F
:1040A700C28243E104C282221240A7750F02123F67
:1040B70083E5828583F09004AAF0E5F0A3F022C09F
:1040C700E0C007E5826016FF000000000000000066
:1040D7000000000000000000000000DFEBD007D068
:1040E700E022E509C39510FFBF0200B39220E43335
:1040F700F582227F00BF28005016C0071240E9E56D
:1041070082D007700BF5B17582641240C60F80E547
:1041170022AF82BF01028013BF0202800ABF0302DF
:10412700800DBF090E800475823C2275821E2275A0
:1041370082162275820A2230B750E50A604CD310E6
:10414700AF01C3C0D074FE250C4038E50B2486F5BB
:1041570082E43404F583E50AF0E50C04F50CE50B7D
:1041670004FF8F0BBF0303750B00E50B75F002A46B
:104177002440F582749A35F0F583E493F50DA3E4B2
:1041870093F50E750A00D0D092AF2220B70122D343
:1041970010AF01C3C0D030B745E50A604174FE25B2
:1041A7000C4038E50B2486F582E43404F583E50AF0
:1041B700F0E50C04F50CE50B04FF8F0BBF0303754B
:1041C7000B00E50B75F002A42440F582749A35F0D4
:1041D700F583E493F50DA3E493F50E750A00D0D0AB
:1041E70092AF22C016858116AF827E557D008F045F
:1041F700EC14FBC3ED9B5013ED248AF582E43404E1
:10420700F583E0FBEEC39BFE0D80E3EC14FF3395D3
:10421700E0FDEF248AF582ED3404F583EEF0E51630
:1042270024FDF8E66007C004124192D004D205C00D
:10423700041240A7D004E51624FDF8E66003750ACA
:10424700001C8C1275110090048BE0F58212411846
:104257001240C690048AE0F5AAD01622E5A92323C6
:104267005401600D20050A30B7071240E9E5827056
:1042770004C2208002D220A220E433F58222AF823A
:10428700C0077420C0E0E4C0E0C0E090048AF5F005
:104297001294CC158115811581D00790048A740179
:1042A700F090048BEFF022C016858116AF82C0070D
:1042B700124263E582D0077004F58280288F82124C
:1042C700428590048CE51624FDF8E6F090048DE510
:1042D7001624FCF8E6F07401C0E07582061241EA84
:1042E7001581758201D01622C016858116AF827D91
:1042F700007E00C007C006C005E51624FCF8E6C02E
:10430700E0E51624FDF8E6C0E08F821242AEAC82EB
:1043170015811581D005D006D007EC7044E5162429
:10432700FAF88603088604C007C006C005C003C0A4
:104337000490000A129227AB82AC8315811581D0B5
:1043470005D006D007C3ED9BEE9C40057582008023
:104357001375B1007582641240C60DBD00950E80BD
:1043670092758201D01622AF829004ACEFF0D2078B
:1043770022300725E5A930E62020051D1240E9E592
:10438700826016C2079004ACE0F582124285E4C051
:10439700E07582061241EA1581227E007F00300512
:1043A700178E048F05C3EC9460ED94EA500A75B13B
:1043B700000EBE00E90F80E622C016858116AF8287
:1043C700C0071243A11240FA758209124285D0072D
:1043D70090048CEFF090048D740FF07F00BF0F00F6
:1043E70050248F06EE2404248AFEE43404FDE516E7
:1043F70024FCF8EF26F582E40836F583E4938E82F1
:104407008D83F00F80D77401C0E07582201241EAD6
:104417001581900020122C7AD016227446C0E074C1
:104427009AC0E07582001243C0158115817455C08A
:10443700E0749AC0E07582011243C01581158102AC
:1044470043A1C20CC20D22C016858116AF82300C63
:104457000B9004B3E06005EF70028011D20C90045A
:10446700B3EFF0E51624FDF89004B4E6F0D0162279
:10447700C2089004B07406F09004B774FFF02230BD
:104487000C31124263E582602A9004B4E0C0E090E8
:1044970004B3E0C0E07582011242AE15811581C2F6
:1044A7000C123F83E5828583F09004B5F0E5F0A315
:1044B700F0D20D22A20AE433F582229004AEE0F591
:1044C70082229004ADE0F58222A208E433F582222D
:1044D700A20BE433FFC20B8F8222A209E433F582D9
:1044E700229004AFE0F58222C20A22900C49E0FE36
:1044F700A3E0FFC3EE94CBEF940250047582002231
:10450700EE2435FEEF34FDFF7D007C00C006C007BA
:10451700C005C00490000AE4F5F01295B1AC82AD75
:1045270083AEF0FFE58124FCF5817416C0E0E4C09A
:10453700E0C0E0C0E08C828D838EF0EF1293AFACC9
:1045470082AD83E58124FCF5818C068D07C3EE944B
:1045570064EF9400922040047F6480028C078F826E
:10456700221244F2AF829004B7E0FEBEFF07900428
:10457700B7EFF0D20E200F030246119004B9E4F012
:104587009004B7E0FEC39F504EEFC39EFD9004B862
:10459700E02401F08D0475F00AEC84909A6493FC92
:1045A7009004B8E0C39C40449004B8E4F09004B78A
:1045B700EE04F0BD140040059004B7EFF09004B787
:1045C700E0FDBD640E3010047D6380027D649004BD
:1045D700B7EDF0D20E80159004B8E4F0EEC39FFE5D
:1045E700BE140040079004B7EFF0D20E301001223E
:1045F7009004B7E0FEBE5F00500122EE249C5001FC
:10460700229004B77464F0D20E229004B8E4F090BC
:1046170004B7E0FEC3EF9E40169004B9E4F0EFC381
:104627009EFDBD1E0040419004B7EFF0D20E22EE72
:10463700C39FFD9004B9E02401F08D0475F00AECE6
:1046470084909A6493FC9004B9E0C39C401A900448
:10465700B9E4F0EE6006EE149004B7F0BD1E00401A
:10466700059004B7EFF0D20E229004B7E0FFBFFF2A
:10467700071244F2AE8280028F068E8222A211E4D4
:1046870033F58222A20FE433F58222A210E433F538
:104697008222A212E433F58222900C49E0FEA3E0C5
:1046A7008E82F58322C016858116E58260179004F5
:1046B700BAE0FFBFFF0280069004BAEF04F090044F
:1046C700BBE4F080159004BAE4F09004BBE0FFBFB0
:1046D700FF0280069004BBEF04F09004BAE0FFBF2E
:1046E70003004005200F02D20F9004BBE0FFBF0379
:1046F70000400F100F02800A9004B0E4F09004B756
:1047070014F0E51624FDF8E660179004BCE0FFBF3F
:10471700FF0280069004BCEF04F09004BDE4F08033
:10472700159004BCE4F09004BDE0FFBFFF028006D3
:104737009004BDEF04F09004BCE0FFBF14004002FA
:10474700D2109004BDE0FFBFC8004002C210300F76
:104757000CC211C2129004BFE4F00247F7E5162419
:10476700FCF8E670030247F7900C49E0FEA3E0FF70
:10477700C3EE94E1EF940240033011199004BEE0B8
:104787002401F0E0FDBDC80040109004BEE4F0D263
:1047970011D21380059004BEE4F0C374909E740395
:1047A7009F50199004C0E02401F0E0FDBD64004073
:1047B700109004C0E4F0C211C21280059004C0E456
:1047C700F020112CC3EE940DEF9403501E9004BFFC
:1047D700E0FFBFFF0280069004BFEF04F09004BF24
:1047E700E0FFBF18004009D21280059004BFE4F033
:1047F700D01622A213E433F58222C21322C01685F3
:104807008116AE82AF837D557C00E51624FDF8C383
:10481700EC965011EC2EF582E43FF583E0FBEDC3F7
:104827009BFD0C80E58D82D01622C016858116AFC0
:1048370082A20AE433FEBF010A9004AF7406F0C2F5
:104847000A801FBF0217E51624FDF8E660047D0203
:1048570080027D019004AFEDF0C20A8005BF03021C
:10486700D20AA20AE433FFEEB507028008123F9B83
:10487700300A02D20BD01622AE82AF83A3A3A3A322
:10488700E09004ADF08E828F83A3A3A3A3A3E0904F
:1048970004AEF074062EF582E43FF583E0FD7C005C
:1048A70074072EF582E43FF583E0FA7B00900C490C
:1048B700EB4DF0EA4CA3F0D2099004B1E07001226D
:1048C7008E828F83A3A3A3E0F582121E959004B175
:1048D700E0FFBF02079004B2E0FF80027F00900470
:1048E700ADE0B507069004AEE07034300D23C00785
:1048F700123F83AD82AE83D0079004B5E0FBA3E0FF
:10490700FCEDC39BFDEE9CFEC3ED9458EE94024074
:1049170018C20DC00775820012444E1581800A2007
:104927000805C20A123F9BD2083008129004AEE075
:10493700FF9004ADE0C0E08F8212483115819004EA
:10494700B0E02401F0E0FFBF060040089004B0E4A7
:10495700F002456822C016858116AE82AF83E0FD5E
:10496700BD0261E51624FDF8B60A005003024A406D
:104977008E828F83A3E0FCBC06028003024A407448
:10498700022EFBE43FFC8B828C83E06003024A40EB
:10499700C007C0067409C0E08E828F83124804AC3A
:1049A700821581D006D00774092EF582E43FF5837E
:1049B700E0FBECB503028003024A408E828F83122C
:1049C700487F8075BD0324123F83E5828583F0907D
:1049D70004C1F0E5F0A3F09004B07406F09004B7BA
:1049E70074FFF07582F012436E804EBD084BE516DA
:1049F70024FDF8B616004041C007C0067415C0E094
:104A07008E828F83124804AD821581D006D0077439
:104A1700152EF582E43FF583E0FCEDB5041B8E828D
:104A27008F83A3A3E0FF53077FBF0802800B758224
:104A3700F112436E123F9BC213D01622AF827E0043
:104A4700BE06005015EE2470F582E43405F583E0C8
:104A5700B50704758201220E80E675820022AF82B7
:104A67007E00BE05005015EE2476F582E43405F588
:104A770083E0B50704758201220E80E67E00BE063C
:104A8700005015EE247BF582E43405F583E0B50785
:104A970004758201220E80E6758200227F007E0067
:104AA700BE0500503EEE2476FCE43405FD8C828D75
:104AB70083E0FB8C828D83E4F0EB60248B82C0075C
:104AC700C006C003124A43E582D003D006D0076070
:104AD7000FEF2476FCE43405FD0F8C828D83EBF019
:104AE7000E80BD7E00BE06005032EE247BFCE4340F
:104AF70005FD8C828D83E0FB601F8B82C007C0069B
:104B0700C005C004124A43E582D004D005D006D0C0
:104B17000770068C828D83E4F00E80C97E00BE0686
:104B270000505DEE2470F582E43405F583E0FD6006
:104B37004C8D82C007C006C005124A65E582D005C4
:104B4700D006D0077037BF05005011EF2476FBE47D
:104B57003405FC0F8B828C83EDF080217C00BC0632
:104B670000501AEC247BFAE43405FB8A828B83E03D
:104B770070088A828B83EDF080030C80E10E809EA3
:104B870022AF8290056DE0FEBE06004004758200EC
:104B97002290056BE075F01CA4AEF024C3FDEE3443
:104BA70004FE8D028E037C00C007C006C005741C7E
:104BB700C0E0E4C0E0C0E08A828B838CF01294CC22
:104BC700158115811581D005D006D0078D828E837A
:104BD700EFF0BF02028003024C6BC006C005124A09
:104BE700A3D005D00674012DFCE43EFF90056EE0CE
:104BF7008C828F83F07F00BF0500501D8F040C0C43
:104C0700EC2DFCE43EFBEF2476F582E43405F583D6
:104C1700E08C828B83F00F80DE7F00BF060050762A
:104C2700EF247BF582E43405F583E0FC6033BC8038
:104C370000502EC007ECC423541F24082DFBE43E6C
:104C4700FA8B828A83E0FF74075CF5F005F0740144
:104C5700800225E0D5F0FB42078B828A83EFF0D0F4
:104C6700070F80B774012DFCE43EFF900581E08CAF
:104C7700828F83F074022DFCE43EFF900581E0A350
:104C8700E08C828F83F074032DFDE43EFE90058354
:104C9700E08D828E83F090056BE0FF7E000FBF00F2
:104CA700010E7406C0E0E4C0E08F828E831297F491
:104CB700AE821581158190056BEEF090056DE024AD
:104CC70001F07582012230140D758202124B88E5BE
:104CD700826012C2142230150C758203124B88E5CC
:104CE700826002C2152290056EE060047582002280
:104CF7007F00BF06005016EF2470FDE43405FE8DDB
:104D0700828E83E06004758200220F80E575820140
:104D17002230160330140122201712124CEDE582BF
:104D27007001229005707401F0D21780297408C0B1
:104D3700E0E4C0E0C0E090056EF5F01294CC158178
:104D470015811581C217900584E02401F0E0FFBFAB
:104D570003004002C216D21422900585E0FFE060EE
:104D67000AEF14900585F0E0600122124263E582A4
:104D77007001229005857401F090056DE0700612B0
:104D87004D18124CCD90056DE070012290056CE036
:104D970075F01CA4AFF024C3FEEF3404FF8E828F9E
:104DA70083E0FDBD02047D1E80027D0D90048A74A0
:104DB70001F07C008D031B1BC3EC9B50218C030B64
:104DC700EB3395E0FAEB248AFBEA3404FAEC2EF590
:104DD70082E43FF583E08B828A83F00C80D67401EE
:104DE700C0E08D821241EA158185091390056CE0B8
:104DF700FF7E000FBF00010E7406C0E0E4C0E08F25
:104E0700828E831297F4AE821581158190056CEE20
:104E1700F090056DE014F09004B1E0FFBF0206903A
:104E270005857404F022124CCD024D60C0168581B1
:104E370016C082C083A816088682088683E0FD9084
:104E4700056EE0F45205EDB40100B39220A81608F0
:104E5700740226FCE40836FD7B00BB0600503020B8
:104E6700202DEB2CF582E43DF583E0FA601ED2207D
:104E77007F00BF06005015EF2470F582E43405F576
:104E870083E0B50204C22080030F80E60B80CBA825
:104E9700160886050886067F00C0247408C0E0E46B
:104EA700C0E0C005C006C00790056EF5F012943942
:104EB700E58124FBF581D024302009D216C2179052
:104EC7000584E4F0D214124E2D851681D01622AE39
:104ED70082AF83E0FDBD02148E828F83A3E0FBA324
:104EE700E0FC900581EBF0ECA3F08043BD013F8E21
:104EF700828F83A3E0FEA3E0FF8E048F05C3EC94AB
:104F070081ED94009220401DC374839CE49D922000
:104F17004013EE247FF5F005F07401800225E0D5FB
:104F2700F0FBFF80027F00900583EFF0800122D223
:104F370015024E2DE582900585F0229004B1E0FF21
:104F4700BF02047F0980027F037D007E008D038EF0
:104F570004C3EB94E8EC9403506190056DE0700690
:104F6700201403301555C007C006C005124CCDD01C
:104F770005D006D00790056DE06030C007C006C0B9
:104F870005124263E582D005D006D007601DE5090A
:104F9700C39513C39F4014900585E4F0C007C0066E
:104FA700C005124D60D005D006D00775B1007582D7
:104FB700641240C60DBD00950E80922290056DE4E7
:104FC700F090056CF090056BF07408C0E0E4C0E069
:104FD700C0E090056EF5F01294CC1581158115810E
:104FE7007405C0E0E4C0E0C0E0900576F5F01294E7
:104FF700CC1581158115817406C0E0E4C0E0C0E0DE
:1050070090057BF5F01294CC1581158115819005DB
:1050170081E4F0A3F0900583F0C216C217D214D230
:105027001522123F83AE82AF839004C1E0FCA3E058
:10503700FDEEC39CFEEF9DFFC3EE94C8EF940050B6
:105047000122123F83E5828583F09004C1F0E5F0E9
:10505700A3F0E4C0E0C0E07582061242AE158115E8
:10506700811006028006900586E4F022900586E00E
:105077002401F0E0FFBF0300401A900586E4F0D357
:1050870010AF01C3C0D0C20585091053E1FBD2821E
:10509700D0D092AF22024192AF829004B1EFF0C01C
:1050A70007124192D007E50C606C900489E0FE245A
:1050B70086F582E43404F583E0FDEE75F002A4245E
:1050C70040F582749A35F0F583E493FBA3E493FCEF
:1050D700EF6013C007C006C0058B828C8312495C42
:1050E7001581D006D007D310AF01C3C0D0E50C148B
:1050F700F50CD0D092AF8E047D000CBC00010DBC26
:105107000307BD00047C0080060EEEFC3395E0909B
:105117000489ECF08090EF700122124378124486E4
:10512700300E22124263E582601B9004B7E0FFBF96
:10513700FF028011C20EE4C0E0C00775820D124263
:10514700AE15811581123F83AE82AF839004AAE02A
:10515700FCA3E0FDEEC39CFEEF9DFFC3EE9402EFC0
:105167009400401E123F83E5828583F09004AAF0E5
:10517700E5F0A3F0124E2D12502920050553E1FB4F
:10518700D28222E5829004B2F022E5829004B1F047
:0151970022F5
:109A4000410458046F0441554C41204636352042AC
:109A500054352E302041554C412046363520425455
:109A6000332E3020140A0502020202020202020210
:02A9D900A603D3
:10519800900587E0F58222900588E0F58222E58275
:1051A800FFC4540FFE530603900587EEF0EE24FD6E
:1051B8005005900587E4F0530703900588EFF0EF5A
:1051C80070069005887401F0900588E0F582025118
:1051D8008A900587E0C454F0FF900588E042079064
:1051E8000385EFF0021EFB53A9FE53913F90020D79
:1051F800E4F022E59154C0600953913F90001412E5
:105208002C7A02024D124FC3124F42900006022C14
:105218007AC016858116AF82E51624FDF8E6C0E04F
:105228008F8212444E1581124477D01622124449B7
:105238001253A21244EF12520D7414C0E0E4C0E0FD
:10524800C0E0C0E075820E1242EFE58124FCF581D2
:10525800900006122C7A7414C0E0E4C0E0C0E0C0EC
:10526800E075820B1242EFE58124FCF5819000067F
:10527800122C7A1243A1900587E4F075820012512E
:105288009153A9BF1251FB900080122C7A1251D968
:10529800123F9B024801AF82900587E0700DC0075E
:1052A800124FC390000D122C7AD007900587E0B5F5
:1052B800070122900587EFF0E4BF020104FE6015A4
:1052C800900588E0FDBD01004005ED24FC500690E6
:1052D80005887401F0900588E0F582C007C00612C1
:1052E800518AD006D0078F82C006125191124449C4
:1052F8001253A243A9401251EF12520DD006EE608C
:1053080007900588E0FF80027F00C00775820012C1
:10531800521915811251D9123F9B0248012085125A
:1053280090058AE02401F090058BE4F0900589F05F
:10533800802520841290058BE02401F090058AE4F2
:10534800F0900589F08010900589E02401F090051F
:105358008AE4F090058BF0900589E0FFBF0A0040D1
:105368000E900589E4F0900587E0602D0252359093
:10537800058AE0FFBF0A00400B90058AE4F07582B9
:105388000102529E90058BE0FFBF0A00400B90057A
:105398008BE4F075820202529E22C21822C0168542
:1053A8008116E582FF7028E51624FDF8E6601C905A
:1053B8000587E0FEBE0116123F83E5828583F090E3
:1053C800058CF0E5F0A3F0D2188064C2188060E57F
:1053D8001624FDF8E6603D900587E0FEBE02509079
:1053E8000588E0FEEFB506028016900588EFF08F7D
:1053F8008212518A43A9401251EF124FC31251D958
:10540800123F83E5828583F090058CF0E5F0A3F0E8
:10541800D218801B900587E0FFBF021130180E904C
:105428000588E0C0E07582001252191581C218D0B3
:105438001622900587E07003C2182230181F123F09
:1054480083AE82AF8390058CE0FCA3E0FDEEC39CA5
:10545800FEEF9DFFC3EE94B8EF940B500122C218E3
:105468001244EF12520D900587E0FFBF020F90051E
:1054780088E0C0E0758201125219158122BF010B24
:10548800E4C0E0758201125219158122E58224FFD9
:10549800922053D1F043D90F53E6E743EE1875C075
:1054A8000053887853B09253F8EF53801F75E7FF85
:1054B80043E68743E56D43D11043E1E030201B53B9
:1054C800E9FC43E1035380FC53E90F43E1F05380C7
:1054D8000F53D97F43D18053F87FD2B1302002C215
:1054E800FE2275B100C2AF75B60075E80075BA0046
:1054F80053A8FD43B20843BC02900028122C6A75D9
:10550800B10075BC0375B20C5392FD5391FE220095
:10551800758E554387020000000000002275821036
:10552800125A5512520D900080122C7A90000D12CA
:105538002C7A1244BBE582701A7414C0E0E4C0E00F
:10554800C0E004C0E075820B1242EFE58124FCF54F
:105558008180377414C0E0E4C0E07407C0E004C080
:10556800E075820C1242EFE58124FCF58190000D74
:10557800122C7A7414C0E0E4C0E0C0E0C0E0758288
:105588000B1242EFE58124FCF58190000D122C7A74
:105598001243A11240A0C2AF12244A53913F758210
:1055A8000112549475E80075BAF375B64043A80221
:1055B800D2AF43910153B2FB53BCFE53BCFD53B26F
:1055C800F743948553927A75A90053913B538FFE04
:1055D8001231941255171254EA123194E58260037D
:1055E800439102438F019003B6122C6A75B10012E1
:1055F8003559D2AF12244D123F731240581240AFA2
:10560800758208124F3B90000D122C7A123F9B12A4
:105618004801025A8E758210125A55C2AF12244A96
:1056280075820012549475E80075BAF375B6404354
:10563800A802D2AF43910153B2FB53BCFE53BCFD49
:1056480043948553927A75A9011255171254EA1298
:105658003559D2AF12244D123F7312405853A9BF87
:105668001251FB123F9B025A8E123FD2AE82AF8379
:10567800900587E0701B120390E5827013123FBA01
:10568800AC82AD83C3EC9411ED9427400302561D00
:1056980022C007C0061247FAE582D006D007600389
:1056A800025525C007C0061244C2AD82D006D007F5
:1056B800BD03067C3C7D008025C007C0061244E877
:1056C800AB827A00C003C00290000A129227AA8215
:1056D800AB8315811581D006D0078A048B05EC4D64
:1056E800600F0CBC00010DC3EE9CEF9D40030255FA
:1056F8002522C016858116E58275F003A4FFE516FC
:1057080024FDF8E62F909A7093FF7E008F828E8397
:10571800D0162290FF807401F090FF81F090FF82F4
:10572800F090FF83F090FF84F090FF85F090FF8663
:10573800F090FF87F090FF88F090FF89F090FF8A43
:10574800F090FF8BF090FF8CF090FF8DF090FF8E23
:10575800F090FF8FF090FF90F090FF91F012354F8E
:1057680075C0FF43888743B06D43F8102290FF81CE
:105778007408F090FF82F090FF83F090FF84F0901F
:10578800FF85F090FF9C03F090FF9874B0F090FFB5
:10579800B8E4F090FFA074C3F090FFE8E4F090FF45
:1057A800D074C3F090FFB9E4F090FFA174C4F090F6
:1057B800FFE9E4F090FFD174C4F090FFBAE4F090F0
:1057C800FFA274C5F090FFEAE4F090FFD274C5F030
:1057D80090FFBBE4F090FFA374C0F090FFEBE4F0FF
:1057E80090FFD374C0F090FFBCE4F090FFA474C1A4
:1057F800F090FFECE4F090FFD474C1F090FFBDE4AA
:10580800F090FFA574C2F090FFEDE4F090FFD5741E
:10581800C2F090FF877408F090FF88F090FF89F03D
:1058280090FF8AF090FF8BF090FF9D03F090FF9916
:1058380074B0F090FFBEE4F090FFA674BAF090FF49
:10584800EEE4F090FFD674BAF090FFBFE4F090FF5A
:10585800A774BBF090FFEFE4F090FFD774BBF09013
:10586800FFC0E4F090FFA874BCF090FFF0E4F09063
:10587800FFD874BCF090FFC1E4F090FFA974BDF0AC
:1058880090FFF1E4F090FFD974BDF090FFC2E4F00E
:1058980090FFAA74BEF090FFF2E4F090FFDA74BEB5
:1058A800F090FFC3E4F090FFAB74BFF090FFF3E417
:1058B800F090FFDB74BFF090FF8D7408F090FF8EBE
:1058C800F090FF8FF090FF90F090FF91F090FF9E86
:1058D80003F090FF9A74B0F090FFC4E4F090FFAC2E
:1058E80074B4F090FFF4E4F090FFDC74B4F090FF2F
:1058F800C5E4F090FFAD74B5F090FFF5E4F090FFCB
:10590800DD74B5F090FFC6E4F090FFAE74B6F09089
:10591800FFF6E4F090FFDE74B6F090FFC7E4F09075
:10592800FFAF74B7F090FFF7E4F090FFDF74B7F0C3
:1059380090FFC8E4F090FFB074B8F090FFF8E4F07E
:1059480090FFE074B8F090FFC9E4F090FFB174B92B
:10595800F090FFF9E4F090FFE174B9F090FF8074E3
:1059680089F090FF86F090FF8CF022751501751470
:10597800007F00BF10004003025A43EF75F024A4D3
:10598800248EFD740535F0FE7C00BC12005024EC1A
:105998002C2DF582E43EF583E4F08C03EB2BFB0B16
:1059A800EB2DFBE43EFAEC909A70938B828A83F09D
:1059B8000C80D7EF24CEF582E43407F583E4F0EFCA
:1059C80075F003A424DEFD740735F0FE8D828E8306
:1059D800E4F08D828E83A3F08D828E83A3A3F0EFF3
:1059E80075F006A42441FD740935F0FEEF75F01238
:1059F800A4240EFB740835F0FC7A00BA0600502B7C
:105A0800EA2DF582E43EF58374FFF0EA75F003A40D
:105A18002BF8E43CF988828983E4F088828983A39F
:105A2800F088828983A3A3F00A80D0EF242EF58220
:105A3800E43409F583E4F00F02597B9009A1E4F0FE
:105A48009009A2F09009A3F02285158222E58242EE
:105A58001502571BE582F4521522D310AF01C3C0BB
:105A6800D0125775D0D092AF758201025A5C7582F8
:105A780002025A55758202025A5C758204025A550E
:105A8800758204025A5CD310AF01C3C0D012577597
:105A9800D0D092AF758210025A5C758220025A5596
:105AA800AF82E5155408B40100B392208FF0E433B7
:105AB800B5F00122EF6006758208025A5575820812
:105AC800025A5CAE82AF83E090FFF5F08E828F833E
:105AD800A3E090FFDDF08E828F83A3A3E090FFF414
:105AE800F08E828F83A3A3A3E090FFDCF08E828FD9
:105AF80083A3A3A3A3E090FFF6F08E828F83A3A3D2
:105B0800A3A3A3E090FFDEF074062EF582E43FF530
:105B180083E090FFF8F074072EF582E43FF583E008
:105B280090FFE0F074082EF582E43FF583E090FFE3
:105B3800F7F074092EF582E43FF583E090FFDFF07B
:105B4800740A2EF582E43FF583E090FFF9F0740BB8
:105B58002EF582E43FF583E090FFE1F0740C2EF51A
:105B680082E43FF583E090FFEFF0740D2EF582E4B8
:105B78003FF583E090FFD7F0740E2EF582E43FF5F1
:105B880083E090FFEEF0740F2EF582E43FF583E09A
:105B980090FFD6F074102EF582E43FF583E090FF75
:105BA800F0F074112EF582E43FF583E090FFD8F011
:105BB80074122EF582E43FF583E090FFF2F074133F
:105BC8002EF582E43FF583E090FFDAF074142EF5A9
:105BD80082E43FF583E090FFF1F074152EF582E43E
:105BE8003FF583E090FFD9F074162EF582E43FF577
:105BF80083E090FFF3F074172EF582E43FF583E01D
:105C080090FFDBF074182EF582E43FF583E090FFF7
:105C1800ECF074192EF582E43FF583E090FFD4F0A0
:105C2800741A2EF582E43FF583E090FFEBF0741BC5
:105C38002EF582E43FF583E090FFD3F0741C2EF537
:105C480082E43FF583E090FFEDF0741D2EF582E4C9
:105C58003FF583E090FFD5F0741E2EF582E43FF502
:105C680083E090FFE9F0741F2EF582E43FF583E0AE
:105C780090FFD1F074202EF582E43FF583E090FF89
:105C8800E8F074212EF582E43FF583E090FFD0F030
:105C980074222EF582E43FF583E090FFEAF0742346
:105CA8002EF582E43FF583E090FFD2F022E582FFF3
:105CB80024F0500122EF2F905CC373801E801F8058
:105CC80020802180228023802480258026802780B0
:105CD800288029802A802B802C802DC2C022C2C116
:105CE80022C2C222C2C322C2C422C2C522C2C62242
:105CF800C2C722C28822C28922C28A22C28F22C275
:105D0800B022C2B222C2B322C2B522C01685811601
:105D180012413EC2CF051474EC25145003751400CB
:105D2800E515701674F025144010E51424CEFEE431
:105D38003407FF8E828F83E0700EE514B401009261
:105D480020E433F582025DCEE51475F024A4248E98
:105D5800FE740535F0FF8E828F83125ACB75C0FF13
:105D680043888743B06D43F810851482125CB59060
:105D7800FF807489F090FF817408F090FF82F090A2
:105D8800FF83F090FF84F090FF85F090FF86748980
:105D9800F090FF877408F090FF88F090FF89F090EA
:105DA800FF8AF090FF8BF090FF8C7489F090FF8D44
:105DB8007408F090FF8EF090FF8FF090FF90F090B5
:105DC800FF91F0758200D016221223C8AE82AF83ED
:105DD800C007C006123F83AC82AD83D006D00790BF
:105DE80009A4E0FAA3E0FBEEB50206EFB5030280D2
:105DF8001B9009A4EEF0EFA3F09009A6ECF0EDA338
:105E0800F0E51530E629758240025A5CE51520E672
:105E18001E9009A6E0FEA3E0FFECC39EFCED9FFDEB
:105E2800C3EC9405ED94004006758240025A552251
:105E3800C016858116E58275F024A4248EFE7405AB
:105E480035F0FFE51624FDF8E6FD25E02EF582E4A1
:105E58003FF583E0FB7C00ED2DFD0DED2EF582E492
:105E68003FF583E07E004204EE42038C828B83D0B0
:105E78001622C016858116C082E5812405F581A801
:105E88001608B610005014E51624FDF8B6060050A2
:105E98000AE51624FCF8B60300400302600FE51675
:105EA80024FDF8E675F003A4FEE51624FCF8E62EBA
:105EB800FE909A7093FC7D00E51624FAF8C3E69CE0
:105EC80008E69D500AE51624FAF8A60408A605E592
:105ED8001624FAF88602088603C3E49A74049B50D1
:105EE8000AE51624FAF8760008760474075EF5F0D9
:105EF80005F0A81608087401800225E0D5F0FBF625
:105F0800A81608E675F003A424DEFA740735F0FB3A
:105F1800EEC423541FFFE5162403F8EF2AF6E43BEA
:105F280008F6E51624FAF8E6B5040708E6B505020A
:105F38008021E5162403F88682088683E0FDA816EA
:105F48000808E64205E5162403F88682088683EDEC
:105F5800F08020E5162403F88682088683E0FDA8F1
:105F6800160808E6F45205E5162403F88682088622
:105F780083EDF08A828B8374012AFCE43BFDE0FF09
:105F88008C828D83E042078A828B83A3A3E0420739
:105F9800EFB40100B39220E5162405F8A220E433FB
:105FA800F6E5162406F8A2A8E433F6C2A8A816084F
:105FB800E675F024A4248EFB740535F0FCEE2E2B38
:105FC800FAE43CFDE51624FAF80886078A828D83F0
:105FD800EFF0EE2EFE0EEE2BFBE43CFCE51624FA69
:105FE800F886078B828C83EFF0A81608E624CEF596
:105FF80082E43407F583E5162405F8E6F0E516246F
:1060080006F8E624FF92A8851681D016227F00BFE5
:10601800100050377E00BE0600502D7D00BD0300E5
:106028005023C007C006C005E4C0E0C0E0C005C0FA
:10603800068F82125E7AE58124FCF581D005D006B0
:10604800D0070D80D80E80CE0F80C422C2209009C0
:10605800A8E02401F0E0FFBF100040059009A8E483
:10606800F07F00BF120040030260F69009A8E0FE2E
:10607800C007C024C0078E82125E38AD82AE831579
:1060880081D024D007EF909A7093FC7B00C3ED9CDD
:10609800EE9B4007E49D74049E5041D2208F068EEB
:1060A8000575F003ED84ADF075F003EE84FE9009FC
:1060B800A8E0FCC007C024E4C0E0C0E0C005C006FA
:1060C8008C82125E7AE58124FCF581D0249009A89F
:1060D800E0F582C0241260FDD024D007BF090BC0B0
:1060E80007C02412509CD024D0070F02606BA22056
:1060F800E433F58222E582242EF582E43409F5831F
:106108007401F09009A2F0227F00BF10005010EF38
:10611800242EF582E43409F5837401F00F80EB90A6
:1061280009A27401F022C016858116AF82BF100043
:106138005043E51624FDF8B606005039EF75F00611
:10614800A42441FD740935F0FEE51624FDF8E62D7A
:10615800FDE43EFE8D828E83E0FCE51624FCF8E625
:10616800B5040280108D828E83E51624FCF8E6F0D3
:106178008F821260FDD01622AF829009A3E0B50786
:1061880001229009A3EFF0026110C016E581F5160F
:10619800240FF581AF82E51624FDF8E6FE75F003BD
:1061A800A4FDE5162409F8A605EF75F006A4244118
:1061B800FA740935F0FBEE2AF582E43BF583E0FC3E
:1061C800EF75F024A4248EFA740535F0FBE5162447
:1061D80009F8E625E0FEE516240AF8EE2AF6E43B7F
:1061E80008F6EF75F012A4240EFA740835F0FFE5EE
:1061F80016240CF8ED2AF6E43F08F6A2A8E433FDCD
:10620800BCFF099009A3E07003026329BCFF047A6C
:106218000080028C028A07EF30E0067A007C048056
:106228000DE5162409F8E6909A7093FA7C00C2A846
:106238008C06E516240AF88682088683EEF0E516B1
:10624800240AF8740126FBE40836FE8B828E83EA62
:10625800F08D02EA24FF92A8EF30E1067C007E046C
:106268008010E5162409F886030BEB909A7093FCCE
:106278007E00E516240EF8A60408A606C2A8E516B0
:10628800240AF8740226FBE40836FEE516240EF804
:106298000886048B828E83ECF0E516240AF87403D2
:1062A80026FCE40836FEE516240EF886038C828E5A
:1062B80083EBF0EA24FF92A8EF30E2067C007E042C
:1062C8008011E5162409F886030B0BEB909A70935E
:1062D800FC7E00E516240EF8A60408A606C2A8E56A
:1062E80016240AF8740426FBE40836FEE516240E84
:1062F800F80886048B828E83ECF0E516240AF8747D
:106308000526FCE40836FEE516240EF886038C8282
:106318008E83EBF0EA24FF92A874075FF58202658A
:106328002DE5162409F8E6909A7093FEE516240CDC
:10633800F88682088683E0FC75F003A4FAABF07F48
:1063480000EA2EFAEB3FFBEC75F03AA4ACF07F00C4
:10635800EC2AFAEF3BFBC2A88B07E516240AF8865D
:1063680082088683EFF0E516240AF8740126FEE415
:106378000836FF8E828F83EAF08D02EA24FF92A806
:10638800E5162409F8E6FC04909A7093FFA816080D
:10639800A607E516240CF8740126FDE40836FE8DE0
:1063A800828E83A8160808E0F6A8160808E675F095
:1063B80003A4FBAFF0E5162403F8A60308A607A874
:1063C800160886037F00E5162403F8E62BF608E690
:1063D8003FF6A8160808E675F03AA4AFF08F03E573
:1063E8001624037F00E5162403F8EB26FBEF083696
:1063F800FFE516240EF8A60308A607C2A8E516248A
:106408000AF8E5162403F9740226F7E4083609F7B2
:10641800E516240EF8088607E5162403F886820890
:106428008683EFF0E516240AF8E5162403F97403C9
:1064380026F7E4083609F7E516240EF88607E51668
:106448002403F88682088683EFF0EA24FF92A80CDA
:106458000CEC909A7093FBE516240CF8E5162405CD
:10646800F9740226F7E4083609F7E5162405F886D4
:1064780082088683A9160909E0F7A8160808E675B0
:10648800F003A4FCAFF0E5162407F8A60408A60755
:106498007F00E5162407F8E62BF608E63FF6A8166F
:1064A8000808E675F03AA4AFF08F04E51624077FD4
:1064B80000E5162407F8EC26FCEF0836FFE516245D
:1064C8000EF8A60408A607C2A8E516240AF874045C
:1064D80026FBE40836FFE516240EF80886048B82AE
:1064E8008F83ECF0E516240AF8740526FCE40836D8
:1064F800FFE516240EF886038C828F83EBF0EA24DE
:10650800FF92A8E516240CF88682088683E0FF8DA2
:10651800828E83E04207E5162405F8868208868382
:10652800E042078F82851681D01622C01685811613
:106538000581058105819009A2E07005F582026652
:10654800099009A1E0FF7E10EF242EFCE43409FD38
:106558008C828D83E070148F03EB04540FFFDEE808
:106568009009A2E4F07582000266098C828D83E4AA
:10657800F08F06EE04540F9009A1F0E5162403F8F5
:1065880076007D00BD06005021C007C005C0058FFC
:1065980082126192AC821581E5162403F8EC46F666
:1065A80012509CD005D0070D80DAEF75F003A424B3
:1065B800DEFC740735F0FD8C028D03A81608740103
:1065C8002CF6E43D08F674022CFCE43DFDE51624A7
:1065D80003F8E6600274FFFE8C828D83F0A816082B
:1065E8008682088683EEF08A828B83EEF0EF24CED3
:1065F800F582E43407F583E5162403F8E6F075829E
:1066080001851681D01622E582FF90093EE0FCA3A1
:10661800E0FDA3E0FEEF75F003A4240EF582E5F09B
:106628003408F583E0FBECF0A3E04BFBEDF0A3E0CE
:106638004BFBEEF0EF2441F582E43409F583E0F4F6
:1066480070579009A3E07051EF75F00684C0E0E53B
:10665800F075F003A4FAEF75F006A4248EF8E5F0BF
:106668003405F9EC1266A2ED1266A2EE1266A2D00B
:10667800E0FFEC4D4E600EEF24CEF582E43407F5D2
:10668800837401F022EB6011EF242EF582E43409C3
:10669800F5837401F09009A2F022FF75F03AA4EA9C
:1066A800909A709325F0CF75F003A42FFFE435F08E
:1066B8008882898310A806F0A3EFF08006F0A3EF84
:0A66C800F0D2A8A3A882A9830A2239
:109A7000B5B4B6B8B7B9BBBABCBEBDBFC1C0C2C42D
:029A8000C3C55C
:1066D200E58260027401FF8F8222AF82BF020280D4
:1066E20009BF03028004C2208002D220A220E43328
:0E66F200F58222C016858116758201D016220F
:109A820029001E001F0020002100220023002400C4
:109A92002500260027002D002E002A0000004C0081
:109AA2002B0014001A000800150017001C001800F3
:109AB2000C00120013002F003000310000004B0098
:109AC200E00004001600070009000A000B000D0068
:109AD2000E000F00330034000000280000004E008A
:109AE200E1001D001B000600190005001100100016
:109AF20036003700380000000000E50052004D003B
:109B02003900E3008B24000000002C00000000005C
:109B120000008A31225200000000500051004F0024
:109B220029001E001F002000210022002300240023
:109B32002500260027002D002E002A0000004C00E0
:109B42002B0014001A000800150017001C00180052
:109B52000C00120013002F003000310000004B00F7
:109B6200E00004001600070009000A000B000D00C7
:109B72000E000F00330034000000280000004E00E9
:109B8200E1001D001B000600190005001100100075
:109B920036003700380000000000E50052004D009A
:109BA2003900E2009128000000002C0000000000B3
:109BB20000009038235200000000500051004F0076
:109BC2003500487E497E4A7E4B7E4C7E4D7E4E7EDF
:109BD2004F7E507E517E527E537E0100000049002E
:109BE200407E447E457E467E437E00000100460064
:109BF200470048000100557E577E567E0000350022
:109C02000100417E427E01000100010001000100CD
:109C1200010001000100010000000100000001003C
:109C220001000100010001000100547E010000005A
:109C32005E7E5D7E5C7E00000000477E587E4A00AC
:109C4200010001000100000000000100000000000E
:109C5200000001000100000000005B7E597E5A7E78
:109C62003500487E497E4A7E4B7E4C7E4D7E4E7E3E
:109C72004F7E507E517E527E537E0100000049008D
:109C8200407E447E457E467E437E000001004600C3
:109C9200470048000100557E577E567E0000350081
:109CA2000100417E427E010001000100010001002D
:109CB200010001000100010000000100000001009C
:109CC20001000100010001000100547E01000000BA
:109CD2005E7E5D7E5C7E00000000477E587E4A000C
:109CE200010001000100000000000100000000006E
:109CF200000001000100000000005B7E597E5A7ED8
:10670000C016858116C082E5812408F581A8160887
:10671000E624A9FDE43409FE8D828E8374FFF0E542
:10672000162407F87600E51624FDF8E675F0A0A417
:106730002482FA749A35F0FBE5162408F87600E511
:10674000162408F8B605004003026840A816080899
:106750007600E5162408F8E6C42354E0FCE5162488
:1067600003F8EC2AF6E43B08F6E5162409F876006F
:10677000E5162409F8B61000400302682BE516243C
:1067800009F8E626FCE5162403F8EC26F582E40871
:1067900036F583E493FFA3E493FCE51624FAF8E6C8
:1067A0006039E5162405F8A60708A604E5162405B1
:1067B000F8C3E6942008E6945292204011E516248E
:1067C00005F8C3743F967452089692205004C22074
:1067D0008002D220A220E433FC8014E51624FBF8CA
:1067E000E6B5070908E6B5040474018001E4FCEC91
:1067F00060258D828E83A8160808E6F0A81608E6A4
:1068000024BDFEE43409FDE5162407F886070F8E43
:10681000828D83EFF08029E5162409F806E5162419
:1068200009F8A9160909E6F7026770E5162408F8C1
:1068300006E5162408F8E5162407F9E6F702673F8F
:10684000851681D01622C016858116E582FF24A9FF
:10685000F582E43409F583E51624FDF8E6F0EF242B
:10686000BDFFE43409FEE51624FCF886050D8F8291
:106870008E83EDF0D01622125973128AC77401C0AC
:10688000E07406C0E07582001268461581158174B7
:1068900001C0E0C0E075820112684615811581745F
:1068A00001C0E004C0E075820212684615811581BE
:1068B0007401C0E07403C0E075820312684615815C
:1068C00015817401C0E07404C0E07582041268464A
:1068D000158115817401C0E0E4C0E075820512687D
:1068E00046158115817402C0E014C0E0758206125D
:1068F0006846158115817402C0E0C0E075820712F8
:106900006846158115817F00BF0A00501C8F060E56
:10691000740A2FFDC007E4C0E0C0068D82126846ED
:1069200015811581D0070F80DFE4C0E07439C0E025
:10693000E4C0E0C0E0758208126700E58124FCF540
:10694000817401C0E0E4C0E0C0E0C0E075820912DB
:106950006700E58124FCF5817F00BF1400500FEF34
:1069600024D1F582E43409F583E4F00F80EC12239E
:10697000C8E5828583F09009E5F0E5F0A3F0123FC9
:1069800083AE82AF839009E8EEF0EFA3F01EBEFF66
:10699000011F9009EAEEF0EFA3F0229009E774647A
:1069A000F022E5829009F5F022C016858116E58275
:1069B000FF24A9F582E43409F583E0FEBEFF0280DE
:1069C00053EF24D1FCE43409FD8C828D83E0FBE598
:1069D0001624FDF8E6B50302803A8C828D83E51615
:1069E00024FDF8E6F0E51624FDF8E6600CE5162433
:1069F000FDF886E05407FD80027DFFEF24BDF5829F
:106A0000E43409F583E0FFC005C0078E8212612ED1
:106A100015811581D01622C016858116AF82900986
:106A2000ECE0FDA3E0FEC394FF500F740A2DFDE4DB
:106A30003EFE9009ECEDF0EEA3F0BF01119009ECE1
:106A4000E0FDA3E0FEC3ED9450EE94005014BF02AD
:106A5000229009ECE0FDA3E0FEC3ED947CEE9401EE
:106A600040119009ECE4F0A3F09009F2E0B40100C9
:106A7000E433F0C0071244D7E582D007600F9009D5
:106A8000F37401F09009EEE4F0A3F080389009F37C
:106A9000E060329009EEE0FDA3E0FE740A2DFDE413
:106AA0003EFE9009EEEDF0EEA3F09009EEE0FDA3BE
:106AB000E0FEC374B89D740B9E4005BF03028005C1
:106AC0009009F3E4F0E51624FDF8E6603A9009F049
:106AD000E0FEA3E0FF740A2EFEE43FFF9009F0EE13
:106AE000F0EFA3F09009F0E0FEA3E0FFC374F09E86
:106AF000E49F501E9009F0E4F0A3F09009F4E0B494
:106B00000100E433F0800B9009F0E4F0A3F0900969
:106B1000F4F0D01622C01685811605810581125029
:106B20009C128B31E582600612509C126533125024
:106B30009C123F83AE82AF839009EAE0FCA3E0FDA4
:106B4000EEB50407EFB50503026F959009EAEEF084
:106B5000EFA3F0C007C00612509CD006D0079009E2
:106B6000E8E0FCA3E0FDEEC39CFCEF9DFDC3746474
:106B70009CE49D50148E048F05EC249CFCED34FFA6
:106B8000FD9009E8ECF0EDA3F0C007C006125DD15E
:106B90001223C8AC82AD83D006D0079009E5E0FA95
:106BA000A3E0FBECC39AFAED9BFBC3EA940DEB94D4
:106BB0000040249009E5ECF0EDA3F09009E7E0FD3A
:106BC000E06006ED149009E7F0C007C006126054BB
:106BD00012509CD006D007C007C006125198AD8253
:106BE000D006D007EDB40100B39220900238E0F552
:106BF00082C007C006C0241266DCA81608A682D090
:106C000024C02412468BAC82D024C004C024124479
:106C1000C2A8160808A682D024D004D006D00790B7
:106C200009F5E06006302003EC6004C2218002D246
:106C30002130201DEC701AC007C006C004C0241209
:106C40004699E582D024D004D006D00760033021D5
:106C500004C2228002D222C0049009E8E0FAA3E034
:106C6000FDEEC39AFBEF9DFCC3EB940AEC9400D0BD
:106C7000044032740A2AFAE43DFD9009E8EAF0ED96
:106C8000A3F0C007C006C004C024A222E433C0E0C1
:106C9000A81608088682126A171581D024D004D05D
:106CA00006D00780B22020059009F3E4F030202FB1
:106CB000C004C024124684E582D024D0046020C0E1
:106CC00004C024125A51E582D024D00420E72E7546
:106CD0008280C004C024125A55D024D004801EC023
:106CE00004C024125A51E582D024D00430E70E7536
:106CF0008280C004C024125A5CD024D004A8160894
:106D0000E66003302104C2238002D223A221E433AF
:106D1000F582C004C024128B0ED024C02412509CD3
:106D2000D024D0047FFF7E002020107F0030230479
:106D30007D0780027D008D06026DF7302103026D14
:106D4000F7C007C006C004C0241244D0E582D02496
:106D5000D004D006D0077003026DF7C007C006C08C
:106D600004C0241244C9AD82D024D004D006D00778
:106D7000ED24FC5003026DF7C006C004C024124489
:106D8000C9AD82D024D004D006ED60047B0480021B
:106D90007B06ED60048D0280027A048A07A816083B
:106DA00008B601028007A8160808B602109009F27A
:106DB000E060048B0280027A808A06803AA8160876
:106DC00008B603339009F3E060048B068029302372
:106DD00026C007C006C005C004C0241244BBE5821B
:106DE000D024D004D005D006D007600BED60047D20
:106DF0000480027D028D063023047D8080027D00A8
:106E00007B00EB24FB4031EBB50707EE60048E02FC
:106E100080028D02C007C006C005C004C003C024A4
:106E2000C0028B821269A91581D024D003D004D06E
:106E300005D006D0070B80CA2023099009E7E0603F
:106E40001A202117C004C024122450E582D024D077
:106E50000460047F0280067F0180027F00C004C0BE
:106E600024C0077582051269A91581D024D0043089
:106E7000230A900387E070047F0780027F00C0042C
:106E8000C024C0077582061269A91581D024D004D8
:106E900030230A900387E060047F0780027F00C0F0
:106EA00004C024C0077582071269A91581D024D0B7
:106EB00004900376E0035401601930200FC004C031
:106EC000241244BBE582D024D00460072021047F33
:106ED0000780027F00C004C024C0077582081269C1
:106EE000A91581D024D0047F00EC6010C024124684
:106EF00092E582D02460027401FF801130220E904E
:106F000009F4E060047E0180027E808E07C024C008
:106F1000077582091269A91581D024C02412509CDA
:106F2000D024C0241246A0AE82AF83D0248E048F1A
:106F300005C3EC9422ED9403922040047D0280026C
:106F40007D017C00BC0A00504C302123EC75F0021E
:106F5000A42402F582749D35F0F583E493FAA3E44A
:106F600093FBC3EE9AEF9B922040048D0380027B3B
:106F700000740A2CFAC007C006C005C004C024C0B3
:106F8000038A821269A91581D024D004D005D006C5
:0B6F9000D0070C80AF851681D01622C0
:109D0200E102F6020D03220338034E0364037A03D1
:049D12009003A60311
:106F9B00E5822582248BFFE434038F82F5832290D4
:106FAB000BDEE0FF900BDFE04207900BE0E04207C7
:106FBB00900BE1E04F700A900BE074A5F0900BE1A1
:106FCB00F07F00BF02005044900BDEE0FE900BDF21
:106FDB00E0FDEE90A5D2936205900BDEEDF0900BE9
:106FEB00E0E0FDEE90A6D2936205900BDFEDF09002
:106FFB000BE1E0FDEE90A7D2936205900BE0EDF074
:10700B00EE90A8D293900BE1F00F80B7900BDFE0DE
:10701B00FF53077F8F067F00900BDEE07C0042075B
:10702B00EC42068F828E8322AE82AF838F05ED2DCD
:10703B0025E0FCEE23235403420475F003EC84ACEF
:10704B00F0ED232354032CFFBF030040068F05ED07
:10705B0024FDFFEF030354C0FF53063FEE42078F9F
:10706B008222AE82AF838F047D00EC2EFEED3FFFBC
:10707B000EBE00010F8F068E8222AF8290093EE07A
:10708B00F5F0EFA4FEADF08E828D83C00712706D0C
:10709B00AE82D00790093EEEF090093FE0F5F0EF9D
:1070AB00A4FEADF08E828D83C00712706DAE82D0C0
:1070BB000790093FEEF0900940E0F5F0EFA4FFAD2B
:1070CB00F08F828D8312706DAF82900940EFF022AA
:1070DB0090093EE0FF900BEAE08FF0A4FFE5F0C3D0
:1070EB0013CF13CFC313CF13CF90093EEFF09009FB
:1070FB003FE0FF900BEAE08FF0A4FFE5F0C313CF66
:10710B0013CFC313CF13CF90093FEFF0900940E09B
:10711B00FF900BEAE08FF0A4FFE5F0C313CF13CF82
:10712B00C313CF13CF900940EFF02212660F02501A
:10713B009CE58275F003A4AEF02416FFEE349DFEA1
:10714B008F828E83E49390093EF08F828E83A3E42B
:10715B009390093FF08F828E83A3A3E49390094011
:10716B00F022900BE9E075F003A4244BFFE434A567
:10717B00FE8F828E83E49390093EF08F828E83A3E1
:10718B00E49390093FF08F828E83A3A3E49390093D
:10719B0040F022900BE9E0FFBF0709126FAA1270B3
:1071AB003302713C02716DAF82900BE5E0FEBE0ABB
:1071BB00047D148010BE0B028003BE11047E02807E
:1071CB00027E018E05900BDAE0C39DF0E0C39F4079
:1071DB00061F900BDAEFF0900BDAE0F58222C01667
:1071EB00858116AF82E51624FDF8E62FFFE5162400
:1071FB00FCF8C3EF964009E51624FCF8EFC396FFA5
:10720B008F82D01622C016858116AF82E51624FD1B
:10721B00F8B61500506FC00712719ED007E5162403
:10722B00FDF8B61000505EE51624FDF8E675F00685
:10723B00A4FE8F05ED2EFE24F6FCE43409FD900927
:10724B003EE08C828D83F0EE2456FCE4340AFD90F4
:10725B00093FE08C828D83F0EE24B6FCE4340AFD0A
:10726B00900940E08C828D83F0EE2416F582E43495
:10727B000BF5837420F0EF600CC0061270DBD006A8
:10728B008E82127136D01622E582FF90A34B93FEAD
:10729B00EF90A44B93FFC0068F82127210158122C0
:1072AB00AF828F0675F003EE84900C3FF075F00300
:1072BB00EF84E5F025F0900C40F022AF829009406E
:1072CB00E4F090093FF090093EF0EF75F006A4FF53
:1072DB00900C40E0FE2FFF900C40E0FD0D0DC3EE37
:1072EB009D5044EF24F6F582E43409F583E4F0EF86
:1072FB002456F582E4340AF583E4F0EF24B6F582E4
:10730B00E4340AF583E4F0EF2416F582E4340BF54C
:10731B0083E4F0EE600D8F82C007C006127136D089
:10732B0006D0070E0F80B022C016E581F516240596
:10733B00F581E582FF2476F582E4340BF583E516BF
:10734B002405F8E0F6900BE5E0FDE4BD0D0104FD2E
:10735B00EF75F006A4FF900C40E0FC2FFF8CF005BE
:10736B00F07401800225E0D5F0FBFB900C40E0FAB5
:10737B000A0AC3EC9A40030274B9E5162405F8EB2C
:10738B005660030274B1A81608EF2416F6E4340B0A
:10739B0008F6A816088682088683E0FAEC700302CA
:1073AB007475C005EF24F6F582E43409F583E0F536
:1073BB00F0EAA4FDE5F0C403CDC40354076DCD542E
:1073CB0007CD6DCD900BEAE08DF0A4FEE5F0C31375
:1073DB00CE13CEC313CE13CE90093EEEF0EF245650
:1073EB00F582E4340AF583E0F5F0EAA4FEE5F0C497
:1073FB0003CEC40354076ECE5407CE6ECE900BEA69
:10740B00E08EF0A4FDE5F0C313CD13CDC313CD1364
:10741B00CD90093FEDF0EF24B6F582E4340AF58305
:10742B00E0F5F0EAA4FEE5F0C403CEC40354076E06
:10743B00CE5407CE6ECE900BEAE08EF0A4FDE5F0B5
:10744B00C313CD13CDC313CD13CD900940EDF08FE6
:10745B0082C007C005C004C003C002127136D0023F
:10746B00D003D004D005D007D005ED602BA81608AB
:10747B00E5162403F9E6F708E609F7BA02009220AD
:10748B0040068A061E1E80027E00E5162403F8863F
:10749B0082088683EEF0800EEA600B1AA816088627
:1074AB0082088683EAF00C0FEB2BFB0273761250EB
:1074BB009C851681D01622C0168581160581058103
:1074CB00AF828F06EE75F006A4FE900C40E0FD2E09
:1074DB00FE8DF005F07401800225E0D5F0FBFC90E9
:1074EB000C40E0FB0B0BC3ED9B400302761EEE241E
:1074FB0016F582E4340BF583E0FBED70030275D4D3
:10750B00C007EE24F6F582E43409F583E0F5F0EBE1
:10751B00A4FAE5F0C403CAC40354076ACA5407CAE1
:10752B006ACA900BEAE08AF0A4FFE5F0C313CF130D
:10753B00CFC313CF13CF90093EEFF0EE2456F58255
:10754B00E4340AF583E0F5F0EBA4FFE5F0C403CFD8
:10755B00C40354076FCF5407CF6FCF900BEAE08F64
:10756B00F0A4FAE5F0C313CA13CAC313CA13CA9023
:10757B00093FEAF0EE24B6F582E4340AF583E0F530
:10758B00F0EBA4FFE5F0C403CFC40354076FCF5453
:10759B0007CF6FCF900BEAE08FF0A4FAE5F0C3139F
:1075AB00CA13CAC313CA13CAFF900940EAF08E82EA
:1075BB00C007C006C005C004C003127136D003D08B
:1075CB0004D005D006D007D007A81608EF2476F60E
:1075DB00E4340B08F6A816088682088683E0FAECDA
:1075EB005A60180BBB210040167B20ECF45202A80A
:1075FB0016088682088683EAF08004EB60011BEE96
:10760B002416F582E4340BF583EBF00D0EEC2CFC19
:10761B000274EA12509C851681D01622C016858101
:10762B001605810581E5827007900BDBE02401F0E4
:10763B00126FAAAE82AF83900BDBE07C002EFEECC8
:10764B003FFF7484C0E0E4C0E08E828F83129543C9
:10765B00AE8215811581EE90A34B93FFBF100040B6
:10766B0003027755EE90A44B93FEC007C006125051
:10767B009C126FAA127033AD82D006D0078F04EC28
:10768B0075F006A4FC7B008E02C0077F00EA2CFC81
:10769B00EF3BFBA81608A60408A603A81608C3E62A
:1076AB00946008E69400D0075015A81608E6241637
:1076BB00FCE4340BFB8C828B83E06003027755BEBA
:1076CB00080050108EF005F07401800225E0D5F013
:1076DB00FBFC80027C00EF2476FBE4340BFF8B82F7
:1076EB008F83E0FAEC5A7062EA42048B828F83EC50
:1076FB00F0EE6056A81608C3E6946008E6940050B6
:10770B0049900BE9E0FFBF07078D8212713C8003A4
:10771B0012716DA81608E6FF24F6FDE43409FE90FD
:10772B00093EE08D828E83F0EF2456FDE4340AFE91
:10773B0090093FE08D828E83F0EF24B6FFE4340A8C
:10774B00FE900940E08F828E83F0851681D0162241
:10775B00E582FF7023C007126FAAAD82D0075305D5
:10776B000FED24C6FDE4340BFE8D828E83E0FCBC52
:10777B00FF068D828E83E4F0EF24C6FDE4340BFE0E
:10778B008D828E83E0FCBC060040088D828E837454
:10779B00FFF0228C03EB75F015A42FF582C006C009
:1077AB0005C004127293D004D005D0060C8D828EC6
:1077BB0083ECF022900BD6E075F015A4FF900BD75D
:1077CB00E02FF582127293900BD8E06035900BD7B7
:1077DB00E02401F0E0FF24F0505A900BD8E4F09035
:1077EB000BD7740FF0900BD9E06008900BD6E0FF2D
:1077FB000F8008900BD6E0FE1E8E07900BD6EFF095
:10780B008032900BD7E014F0E0FF24F05026900B61
:10781B00D874FFF0900BD7E4F0900BD9E060089090
:10782B000BD6E0FF0F8008900BD6E0FE1E8E079064
:10783B000BD6EFF0900BD6E0FF24FA500D900BD93E
:10784B00E0F4F0900BD67404F022EF700C900BD98F
:10785B00E0F4F0900BD67402F022E582FF24B6F52B
:10786B0082E4340BF583E0FEEF24A6F582E4340BBF
:10787B00F583E04206EF2486F582E4340BF583E0D2
:10788B004206EF2496F582E4340BF583E042069032
:10789B000C40E0FD8DF005F0EE8002C313D5F0FB3C
:1078AB00FEEDFC75F015A42FFD900C40E0FF0F0FC3
:1078BB00C3EC9F5025EE30E0148D82C006C005C08E
:1078CB000412729312509CD004D005D0060C8D0775
:1078DB0074152FFDEEC313FE80CF227F00BF100067
:1078EB00502BEF24A6FDE4340BFE8D828E83E0C378
:1078FB00138D828E83F0EF24B6FDE4340BFE8D8264
:10790B008E83E025E08D828E83F00F80D012509C09
:10791B007F00BF0F00501EEF2486FDE4340BFE8F5B
:10792B00040CEC2486F582E4340BF583E08D828E17
:10793B0083F00F80DD7F0FEF6023EF2496FDE4349F
:10794B000BFE8F041CEC3395E0FBEC2496F582EBDD
:10795B00340BF583E08D828E83F01F80DA12509CFE
:10796B00900B95E4F0900B96F012509C7F00BF109B
:10797B00005048EF24A6F582E4340BF583E0FEEFCC
:10798B0024B6F582E4340BF583E04206EF2486FC43
:10799B00E4340BFD8C828D83E0FBEE42038C828DF5
:1079AB0083EBF0EF2496FCE4340BFD8C828D83E0AB
:1079BB0042068C828D83EEF00F80B312509C900B9D
:1079CB00E5E0FFBF0D58900BDCE02401F0E024FA5A
:1079DB00504C900BDCE4F0900BDDE0FFE060047E9C
:1079EB000180027E20900BDD74016FF0900BACE0F8
:1079FB00FFEE4207900BACEFF0900BBCE0FFEE42BA
:107A0B0007900BBCEFF0900B8CE0FFEE4207900B56
:107A1B008CEFF0900B9CE04206900B9CEEF022C09A
:107A2B0016858116E58275F006A4FF900C40E0FEEA
:107A3B002FFF900C40E0FD0D0DC3EE9D5061EF90BC
:107A4B00A2EB93FDBDFF028052ED5407604DE5168E
:107A5B0024FDF8E6602AEE75F003A424FCFCE43464
:107A6B000BFB8C828B83E090093EF08C828B83A383
:107A7B00E090093FF08C828B83A3A3E0900940F048
:107A8B00EDC423541F75F006A4FC74075D2CF5821E
:107A9B00C007C006127136D006D0070E0F8093D0E8
:107AAB001622AF82900C40E075F015A42FFE7F02DA
:107ABB00EF6030EE90A34B93FDEE90A44B93FCBD87
:107ACB0010005016EC6013ED75F006A42CF582C077
:107ADB0007C006127136D006D0078E0574152DFE21
:107AEB001F80CD22AF828F0675F005EE84FE75F0F8
:107AFB0005EF84E5F0FD6003027BB7EE7029900B78
:107B0B00E5E0FFBF0103D38001C3922040127582D1
:107B1B00C0C006C0051271B2AF82D005D00680027C
:107B2B007F00900BFBEFF0900BE9E0FFBF0713908A
:107B3B000BFBE0F582C006C00512713CD005D006E8
:107B4B00802AC006C00512716DD005D006900BE5DA
:107B5B00E0FFBF01028015900BFBE0909FD693F5E1
:107B6B0082C006C005127085D005D006C006C005C0
:107B7B001270DB90093EE0900BFCF090093FE09017
:107B8B000BFDF0900940E0900BFEF0900BFBE0FF3B
:107B9B0074C0C0E0740DC0E08F821271E9AF821522
:107BAB00811581D005D006900BFBEFF0900BFCE01C
:107BBB0090093EF0900BFDE090093FF0900BFEE03A
:107BCB00900940F0ED75F003A4FFEE75F00DA424C1
:107BDB0076FDE434A2FE8F048F030B0B0BC3EC9BDF
:107BEB005059BC0D005054EC2DF582E43EF583E466
:107BFB0093FBBBFF028041EB5407603C8B02740785
:107C0B005A75F015A4FAEBC423541F2AFA90A34B10
:107C1B0093FBBB10005021EB75F006A4FBEA90A47C
:107C2B004B932BF582C007C006C005C004127136FA
:107C3B00D004D005D006D0070C809D22C0168581BC
:107C4B001605810581AF828F0675F003EE84AEF0C9
:107C5B00E4BE000104FE900BE5E0FDBD01028012C5
:107C6B00BD1102800D8F82C007C0061272ABD00609
:107C7B00D007900BE5E0FD24EE50030280B7ED2416
:107C8B000A83F582ED241683F583E473B7BBC3BD7A
:107C9B000E29B70E31B7393FB70EB7FE22BB807C2A
:107CAB007C7D7E7E807E7E807E7E807E807E807CE4
:107CBB008F82127AEF0280B7EF700F758280C00649
:107CCB001271B2D006900BFBE4F0EE606F900BE9F3
:107CDB00E0FDBD0700500512716D801B900BFBE0A2
:107CEB00F58212713C90093EE0FD900940E090094D
:107CFB003EF0900940EDF0900BDAE0909F5693F533
:107D0B00821270851270DB90093EE0900BFCF090B4
:107D1B00093FE0900BFDF0900940E0900BFEF090D6
:107D2B000BFBE0FD74C0C0E0740BC0E08D821271E0
:107D3B00E9AD8215811581900BFBEDF0900BFCE00A
:107D4B0090093EF0900BFDE090093FF0900BFEE0A8
:107D5B00900940F0900C40E0FC75F015A4FD900CE0
:107D6B003FE02DFD900C40E0FB0B0BC3EC9B400365
:107D7B000280B7900C3FE075F006A4FB8C02EA2B57
:107D8B0090A2EB93FBBBFF02801FED90A44B93FAE9
:107D9B006017ED90A34B9375F006A42AF582C005EE
:107DAB00C004127136D004D0050C8D0374152BFD55
:107DBB0080B2EF70247582C01271B212713C1270D6
:107DCB00DB90093EE0900BFCF090093FE0900BFD3F
:107DDB00F0900940E0900BFEF0900BFCE090093E18
:107DEB00F0900BFDE090093FF0900BFEE090094006
:107DFB00F0900C3FE0FDE4C0E08D82127A2A1581F1
:107E0B000280B7900C3FE0F582C007127865D0076F
:107E1B00BF2F0280030280B71278E60280B78F82F1
:107E2B0012775B0280B78F821276270280B71277A8
:107E3B00BF0280B7EF701D900BE9E0FDBD07047D1D
:107E4B00C080027D608D82C0061271B2E582D006C1
:107E5B00900BFBF0EE6078900BE9E0FEBE072890EC
:107E6B000BFBE0F58212713C900BFBE0FE74C0C083
:107E7B00E07407C0E08E821271E9AE821581158124
:107E8B00900BFBEEF0802D12716D900BFBE0909F31
:107E9B00D693F582127085900BFBE0FE7460C0E008
:107EAB00740AC0E08E821271E9AE82158115819041
:107EBB000BFBEEF01270DB90093EE0900BFCF090A8
:107ECB00093FE0900BFDF0900940E0900BFEF09025
:107EDB000BFCE090093EF0900BFDE090093FF09019
:107EEB000BFEE0900940F0900C3FE0F582127AAD6A
:107EFB000280B7900C3FE0FE75F006A4FD900C409D
:107F0B00E0FC2DFDECFB75F015A42EFF900C40E072
:107F1B00FE0E0EC3EB9E40030280B7ED2416F582D6
:107F2B00E4340BF583E0FE1EBE800040027E7FED45
:107F3B002416F582E4340BF583EEF0900BDAEEF0B9
:107F4B00EF244BF582E434A3F583A81608E493F6EB
:107F5B00EF244BF582E434A4F583A8160808E493C8
:107F6B00F6A81608B610004003028017A8160808DA
:107F7B00E67003028017C003EE75F003A4AEF02485
:107F8B0096FBEE34A0FE8B828E83E493FA900BEA81
:107F9B00E08AF0A4FCE5F0C313CC13CCC313CC13D1
:107FAB00CC90093EECF08B828E83A3E493FC900B78
:107FBB00EAE08CF0A4FAE5F0C313CA13CAC313CAE0
:107FCB0013CA90093FEAF08B828E83A3A3E493FE3E
:107FDB00900BEAE08EF0A4FEE5F0C313CE13CEC3F4
:107FEB0013CE13CEFB900940EEF0A81608E675F001
:107FFB0006A4FAA8160808E62AF582C007C005C031
:10800B0003127136D003D005D007D0030B0D8F04AC
:10801B0074152CFF027F17EF60030280A77582C0D7
:10802B001271B2AF827E00BE120050708F82C007F9
:10803B00C00612713C1270DBD006D007C00674C0AC
:10804B00C0E07419C0E08F821271E9AF82158115FF
:10805B0081D006EE24FCFCE4340BFD90093EE08C51
:10806B00828D83F08E05ED0424FCFCE4340BFB9035
:10807B00093FE08C828B83F074022D24FCFCE434EA
:10808B000BFB900940E08C828B83F0C007C005127C
:10809B00509CD005D00774032DFE808B900C3FE0D5
:1080AB00FF7401C0E08F82127A2A1581851681D068
:1080BB001622900BE5E0FFBF01028014BF05028082
:1080CB001EBF0802801DBF0A02801CBF111D800B42
:1080DB00900BDAE075F005A4F5822275822D2275DE
:1080EB00821022758205227582012275823022AFA1
:1080FB008290093EE0FE900940E090093EF0900925
:10810B003FE0900940F090093FEEF08F0574092D88
:10811B0075F006A4F582C007C006127136D006D0E2
:10812B0007EF75F006A4F582C006127136D00690E3
:10813B000940E090093FF090093EE0900940F09033
:10814B00093EEEF022AF82900C1BE014F0E0C39FCF
:10815B0040061F900C1BEFF0229003B1E0FF90093B
:10816B003EE0F5F0EFA4FEE5F0C313CE13CEC31340
:10817B00CE13CE90093EEEF090093FE0F5F0EFA460
:10818B00FEE5F0C313CE13CEC313CE13CE90093F2F
:10819B00EEF0900940E0F5F0EFA4FFE5F0C313CF4C
:1081AB0013CFC313CF13CF900940EFF0229003B03E
:1081BB00E075F003A424BAFFE434A5FE8F828E830E
:1081CB00E49390093EF08F828E83A3E49390093F52
:1081DB00F08F828E83A3A3E493900940F022E58273
:1081EB00FF7003028243900C41E0601A900C44E054
:1081FB0090093EF0900C45E090093FF0900C46E062
:10820B00900940F0802D900C42E0F582C00712716E
:10821B003C900C42E0FE74C0C0E07409C0E08E825A
:10822B001271E9AE8215811581900C42EEF012812C
:10823B0064D0078F820280FA9003AFE0FF90038A2D
:10824B00E0F582C007126F9BE5828583F0D007248F
:10825B0001F582E435F0F583E0FEC4540FFE24FBF8
:10826B0050027E04EE90A9D29390A5CF93FEC2202C
:10827B00900C437401F0900C1CE06009900C1CE412
:10828B00F0900C1BF0EF24FB5003028392EF2F2F87
:10829B0090829F730282AE0282DB0283430282AE24
:1082AB00028368900C1AE024A54003028392EF60CE
:1082BB00081281B8128164800D900940E4F0900996
:1082CB003FF090093EF0D220900C1AE4F00283921A
:1082DB00900C1AE0FFC3EE9F40030283927582C09D
:1082EB00C024128150D024900C1BE0F582C02412C4
:1082FB00713CD024900C1BE0FFC02474C0C0E07410
:10830B0009C0E08F821271E9AF8215811581D024EB
:10831B00900C42EFF0C024128164D024758200C00F
:10832B00241280FAD024900C41E4F0900C43740793
:10833B00F0900C1AE4F0804F900C1AE0FFC3EE9F04
:10834B0050457582C0128150900C1BE0F582127162
:10835B003C128164D220900C1AE4F0802A900C1A03
:10836B00E0FFC3EE9F50207582801281501281B8BE
:10837B00900C1BE0909F5693F582127085128164CE
:10838B00D220900C1AE4F030202A7582001280FA69
:10839B0090093EE0900C44F090093FE0900C45F0C2
:1083AB00900940E0900C46F0900C417401F0900C59
:1083BB00437407F022900BFAE4F0900BF9F0FFBF37
:1083CB000A005010EF24EFF582E4340BF58374FFB1
:1083DB00F00F80EB22AF82900C15E0FE04F0EE2440
:1083EB000EF582E4340CF583EFF0227F00BF100012
:1083FB005033EF2486F582E4340BF583E4F0EF245D
:10840B0096F582E4340BF583E4F0EF24A6F582E4D1
:10841B00340BF583E4F0EF24B6F582E4340BF583EB
:10842B00E4F00F80C822900BE5E0FF900BECE070BE
:10843B0003028549900BECE4F0BF0603D38001C324
:10844B0092204016BF0903D38001C39220400BBF7B
:10845B000E03D38001C392205004C2208002D2208D
:10846B00900BEDA220E433F0EF24EE50030285498C
:10847B00EF240A83F582EF241683F583E47349AD69
:10848B00ADADB5ED49B5494904AD49C4491AADADDA
:10849B008584848484848584858585848584858589
:1084AB008484900BDAE4F0028549900BDBE4F0C096
:1084BB00071283F6D007028549900BDBE4F0C00767
:1084CB001283F6D007900B9C7401F0900B8CF090FC
:1084DB000BBCF0900BACF0900BDDE4F0900BDCF0F0
:1084EB00805C7E00BE10005055EE24C6F582E4344D
:1084FB000BF58374FFF00E80EB900BD67401F090AC
:10850B000BD7E4F0900BD814F0900BD9F0802F7EA2
:10851B0000BE60005028EE2416FCE4340BFDEE90F8
:10852B00A216938C828D83F08E0553050FBD0F0B16
:10853B00C007C00612509CD006D0070E80D3900BFC
:10854B00EEE0FEBEFF0122EE90A2EB93FE74075EFF
:10855B00FDEEC423541FFC53041F900BEE74FFF06D
:10856B00BF0C15BEFF01228D06EE75F015A4FE8C17
:10857B0003EB2EF582027293BC1000506B8DF0054D
:10858B00F07401800225E0D5F0FBFEEC2486FBE4C1
:10859B00340BFD8B828D83E0FAEE42028B828D834E
:1085AB00EAF0EC2496FBE4340BFD8B828D83E0FA2E
:1085BB00EE42028B828D83EAF0BF072CEC24A6FDE2
:1085CB00E4340BFF8D828F83E0FBEE42038D828FB1
:1085DB0083EBF0EC24B6FCE4340BFF8C828F83E04E
:1085EB0042068C828F83EEF022900BEDE07001221D
:1085FB00900BE5E0FF75F005A4FE900BEBE02E90E1
:10860B00A56093FEBF04028019BF0502804EBF0711
:10861B0002800FBF08028061BF0A028005BF0D7682
:10862B00801D900BE4E024F0506C900BE4E4F075AB
:10863B008205C007C0061283E0D006D00780579092
:10864B000BE4E024FD504F900BE4E4F0758205C081
:10865B0007C0061283E0D006D007803A900BE4E007
:10866B0024F55032900BE4E4F0758205C007C00688
:10867B001283E0D006D007801D900BE4E0FDBD1007
:10868B00004013900BE4E4F0758206C007C006129D
:10869B0083E0D006D007900BE2E0FCA3E0FD7B006B
:1086AB00C3EC9EED9B402D900BE2E4F0A3F0EF703A
:1086BB000122BF0C067582050283E0BF0110900BEF
:1086CB00DAE0FFBF09005006900BDAEF04F0758279
:1086DB00070283E022900C2FE0FEA3E0FF900C2F0B
:1086EB00E4F0A3F0900BE2E0FCA3E0FD74FFC39C6D
:1086FB00FA74FF9DFBC3EA9EEB9F50067AFF7BFF4C
:10870B008006EE2CFAEF3DFB900BE2EAF0EBA3F0C8
:10871B00900BE4E02EF0900C1AE02EF090038AE020
:10872B00FFF582C007126F9BAD82AE83D007EF605F
:10873B00027404FC8D828E83E0FBC3EC9B50048C93
:10874B000280028B028A030DBD00010E8D828E8387
:10875B00E0C4540FFA900BEBF0C3EC9A5005900B5E
:10876B00EBECF08D828E83E0FD900BE9740F5DF0E6
:10877B00900C15E4F0900C16F0900C17F0900C196F
:10878B00F0758201C007C0031283E0D003D007C28B
:10879B0020BF04028008BF07028003BF0C43900B6D
:1087AB00FAE024EFFDE4340BFE8D828E83E0FCBCFB
:1087BB007E00502D900BEEECF08D828E8374FFF0CB
:1087CB00D220900BFAE0FEBE09047D0080030E8ED2
:1087DB0005900BFAEDF0900BE2E4F0A3F0900BE4B4
:1087EB00F0202031900BE5E0FEEFB50628900BE969
:1087FB00E0FE900BE6E0FDEEB5051A900BE7E0FE10
:10880B00EBB50611900BEBE0FE900BE8E0FDEEB53F
:10881B0005030288D1900BE5E0FEEFB50610900B37
:10882B00E9E0FE900BE6E0FDEEB505028041900B12
:10883B00E5EFF0900BE9E0900BE6F0900BEC740198
:10884B00F0900BEDE4F0FEBE1000500FEE2476F529
:10885B0082E4340BF583E4F00E80EC758202C007E2
:10886B00C0031283E0D003D007900C197401F09071
:10887B000BE7E0FEEBB50610900BEBE0FE900BE880
:10888B00E0FDEEB50502800EBF01028003BF0806B6
:10889B00900BEC7401F0900BE7EBF0900BEBE0908E
:1088AB000BE8F0BF0816900BECE06010900C19E091
:1088BB00700A758202C0031283E0D003758203C075
:1088CB00031283E0D003900BEAEBF0758204028372
:1088DB00E0AF82BF0202800FBF0502800ABF060213
:1088EB008005BF07098004758230220280BD758226
:1088FB000122900C16E0240EF582E4340CF583E093
:10890B00FF900C17E0700F8F82C0071288DCE58296
:10891B00D007900C18F0900C18E070030289C7EF89
:10892B0024F850030289C7EF2F2F908939730289DE
:10893B00C702895102896002897802898102898A7A
:10894B000289A20289BA900C17E0F582C007128146
:10895B00E9D0078067900C17E0F582C0071272AB65
:10896B00900C3FE0F5821272C6D007804FC0071201
:10897B008431D0078046C0071285F4D007803D9024
:10898B000C17E0F582C0071272AB900C3FE0F5823A
:10899B00127333D0078025900C17E0F582C00712B5
:1089AB0072AB900C3FE0F5821274C2D007800D9031
:1089BB000C17E0F582C007127C47D007BF010E9061
:1089CB000C17E07008900C43E0900C18F0900C170B
:1089DB00E02401F0E0FF900C18E0FEC3EF9E400C8A
:1089EB00900C17E4F0900C16E02401F022C01685D1
:1089FB008116AF8290038AE0FEE51624FDF886F01F
:108A0B0005F07401800225E0D5F0FBFDE4BE0C01FE
:108A1B0004FC6041E51624FCF8E6601DC004EF245D
:108A2B0076FAE4340BFB8A828B83E0FCED42048AFA
:108A3B00828B83ECF0D004801CC004EF2476FAE424
:108A4B00340BFB8A828B83E0FCEDF452048A828B1D
:108A5B0083ECF0D004BE04028008BE07028003EC56
:108A6B006044E51624FCF8E6604F900BF9E024EF28
:108A7B00FDE4340BFE8D828E83E0FCBCFF3BEF7577
:108A8B00F006A4FFE51624FDF8E62F8D828E83F009
:108A9B00900BF9E0FFBF09047E0080030F8F069057
:108AAB000BF9EEF08013900BFAE0FF900BF9E0FE60
:108ABB00EFB5060280031283C0D01622900BE5742B
:108ACB00FFF0900BEEF01283C0123F83AE82AF83A8
:108ADB00900C2DEEF0EFA3F0900C37EEF0EFA3F02F
:108AEB007F00BF1000501BEF241DFDE4340CFEEF84
:108AFB002417F582E43402F583E08D828E83F00F28
:108B0B0080E022AF82900C3DEFF022125198E5826B
:108B1B00600712468BE5826004C2208002D220A23D
:108B2B0020E433F58222C016E581F5162405F58184
:108B3B00900237E06006758200028E2A123F83AEE8
:108B4B0082AF83C220C007C006C0241223C8C8E569
:108B5B00162404C8A68208A683D024C02412509CD5
:108B6B00D024D006D007900C33E0FAA3E0FBE51637
:108B7B002404F8E6B5020708E6B503028002800478
:108B8B007B1080027B00BB10004003028C5BBB0898
:108B9B0013C007C006C003C02412509CD024D003BE
:108BAB00D006D007EB2417F582E43402F583E0FA04
:108BBB00A81608EB241DF6E4340C08F6A816088654
:108BCB0082088683E0FDEA6205E5162403F8A60514
:108BDB00ED6079A816088682088683EAF0D2207D9C
:108BEB00017C01EC24FA4064E5162403F8ED566091
:108BFB0055C006C007ED5AB40100B39221D007D07F
:108C0B000630210F900C35E4F0A3F0900C37EEF00A
:108C1B00EFA3F0900C3BE0602DC007C006C005C071
:108C2B0004C003C002C024A221E433C0E0C0048B03
:108C3B00821289F815811581D024D002D003D0047B
:108C4B00D005D006D0070CED2DFD80970B028B9134
:108C5B00E5162404F8900C33E6F008E6A3F0900C2C
:108C6B0031E0FCA3E0FDEEB5040AEFB505062020CC
:108C7B0003028D9E900C31EEF0EFA3F0C007C006FF
:108C8B00C024128B16AD82D024D006D007EDFC7019
:108C9B0011900C35E4F0A3F0900C37EEF0EFA3F04D
:108CAB00804BC004900C37E0FBA3E0FDEEC39BFAB6
:108CBB00EF9DFCC3EA940AEC9400D004402F740A95
:108CCB002BFBE43DFD900C37EBF0EDA3F0900C3556
:108CDB00E0FBA3E0FDC3EB9430ED9475500F740AE9
:108CEB002BFBE43DFD900C35EBF0EDA3F0900C3C31
:108CFB00E06030900C39E0FBA3E0FDEEC39BFBEF93
:108D0B009DFDC3EB94B8ED940B4018900C3CE4F034
:108D1B00C007C006C004C024121EFBD024D004D050
:108D2B0006D007900389E0602D900C3DE0702790F2
:108D3B000C35E0FBA3E0FDC3EB9430ED94755016BE
:108D4B00EC6017C007C006C024124699E582D024F8
:108D5B00D006D0076004C2218002D221A221E433C5
:108D6B00FD900C3BE0FC8D03EBB504028025900CD1
:108D7B003BEDF0EDB401009221E433F582C007C066
:108D8B0006C024126180D024C0241283C0D024D00A
:108D9B0006D007900C3BE07013900C2DEEF0EFA378
:108DAB00F0A220B39221E433F5828073900C2DE076
:108DBB00FCA3E0FDEEC39CFCEF9DFD900C2FE0FAB5
:108DCB00A3E0FB900C2FEC2AF0ED3BA3F0900C2DC5
:108DDB00EEF0EFA3F03020057582008042900C1668
:108DEB00E0FF900C15E0FEC3EF9E402D900C2FE0A2
:108DFB00F5F0A3E045F07019900BFAE024EFF58243
:108E0B00E4340BF583E0FFBF7E00400575820180E3
:108E1B000E1286E075820180061288FD758201852F
:108E2B001681D0162290038874B6F09003897401D2
:108E3B00F090038A740BF07F00BF1200501F8F82DB
:108E4B00C007126F9BAD82AE83D0078D828E837469
:108E5B0002F08D828E83A37437F00F80DC9003AF0A
:108E6B007401F09003B0E4F09003B17402F022AF00
:108E7B0082BF12005021BF0603D38001C392204052
:108E8B0016BF0903D38001C39220400BBF0E03D33F
:108E9B008001C392205004C2208002D220A220E481
:108EAB0033F58222900388E0FFBFB6028003028E67
:108EBB0030900389E024FE50069003897401F090F2
:108ECB00038AE0F582128E7AE582700690038A742B
:108EDB000BF07F00BF120050418F82C007126F9BB7
:108EEB00AD82AE83D0078D828E83E024FB50078D3D
:108EFB00828E837402F00DBD00010E8D828E83E095
:108F0B00FCC4540F24FB400853040FEC24F8500707
:108F1B008D828E837437F00F80BA9003AFE024FB01
:108F2B0050069003AF7401F09003B0E024F95005A4
:108F3B009003B0E4F09003B1E024FB50069003B132
:108F4B007402F02290038AE0FFBF110092204004CC
:108F5B007E0080058F050D8D068E078F82C0071250
:108F6B008E7AE582D00760E190038AEFF0900C3E99
:108F7B007401F022C0168581160581AF8290038A99
:108F8B00E0FEF582C007C006126F9BAC82AD83D0AA
:108F9B0006D007EE60027404FEEF600C8C828D83AA
:108FAB00A3E0C4540FFB80068C828D83E0FBE51697
:108FBB0024FDF8E66008C3EB9EE433FE8008EB600B
:108FCB00027401FA8A06EE6048E51624FDF8E660A5
:108FDB00058B060E80031B8B06A81608A606EF60F2
:108FEB002174012CFBE43DFF8B828F83E0FA53024B
:108FFB000FA81608E6C454F042028B828F83EAF066
:10900B0080098C828D83A81608E6F0900C3E7401C3
:10901B00F01581D01622C0168581160581AE82AF60
:10902B00838E048F05C3EC9455ED947E4008745EDB
:10903B009C747E9D5006758201029205E51624FDF7
:10904B00F8E67005F58202920590038AA81608E0EF
:10905B00F6A816088682C007C006C005C004126FAA
:10906B009BAB82AA83D004D005D006D007900C3ED0
:10907B00E4F0BC551BBD7E18900389E0B40100924F
:10908B0020E433900389F0900C3E7401F00291E6DA
:10909B00900389E070030291E6C3EE9456EF947E41
:1090AB0050030291E6C3745E9E747E9F500302913F
:1090BB00E6EC24AAFF2F2F9090C6730290E102904A
:1090CB00E70291390291390291540291540291773E
:1090DB0002919B0291C8128F4F0291E6A81608B617
:1090EB0003030291E6A81608B60F0040030291E6AF
:1090FB0074012BFEE43AFF8E828F83E0FAFB740F30
:10910B005B04FBA81608E660027407FDC0028B0225
:10911B00C3ED9AD00250027B005302F0EA42038E59
:10912B00828F83EBF0900C3E7401F00291E6BC58F9
:10913B0006BD7E03D38001C39220E433C0E0758269
:10914B0000128F7F15810291E6A81608B601030263
:10915B0091E6BC5A06BD7E03D38001C39220E43353
:10916B00C0E0758201128F7F1581806F9003AFE095
:10917B00FFBF0400922040047E0080030F8F0690F7
:10918B0003AFEEF0900C1C7401F0900C3EF0804B92
:10919B009003AFE0FFBF03028003BF043E9003B018
:1091AB00E0FFBF0600922040047E0080030F8F0675
:1091BB009003B0EEF0900C3E7401F0801E9003B162
:1091CB00E0FFBF0400922040047E0080030F8F0657
:1091DB009003B1EEF0900C3E7401F0900C3EE06009
:1091EB0016900C3C7401F0123F83E5828583F0905E
:0F91FB000C39F0E5F0A3F07582001581D0162233
:109D1600FF0100FF0300FF0500FF0700FF0A00FF29
:109D26000E00FF1200FF1600FF1A00FF2000FF269C
:109D360000FF2C00FF3200FF3900FF4100FF490001
:109D4600FF5100FF5900FF6300FF6D00FF7700FF22
:109D56008100FF8C00FF9800FFA400FFB000FFBC4D
:109D660000FFC800FFD500FFE300FFF100FFFF0082
:109D7600F8FF00EAFF00DCFF00CEFF00C2FF00B6DE
:109D8600FF00AAFF009EFF0092FF0086FF007CFFF7
:109D96000072FF0068FF005EFF0055FF004DFF00E8
:109DA60045FF003DFF0035FF002FFF0029FF002380
:109DB600FF001DFF0018FF0014FF0010FF000CFF3E
:109DC6000008FF0006FF0004FF0002FF0000FF007E
:109DD60000FF0100FF0300FF0500FF0700FF0A0068
:109DE600FF0E00FF1200FF1600FF1A00FF2000FF03
:109DF6002600FF2C00FF3200FF3900FF4100FF491B
:109E060000FF5100FF5900FF6300FF6D00FF770060
:109E1600FF8100FF8C00FF9800FFA400FFB000FF49
:109E2600BC00FFC800FFD500FFE300FFF100FFFF05
:109E360000F8FF00EAFF00DCFF00CEFF00C2FF00D3
:109E4600B6FF00AAFF009EFF0092FF0086FF007C7F
:109E5600FF0072FF0068FF005EFF0055FF004DFF28
:109E66000045FF003DFF0035FF002FFF0029FF00E2
:109E760023FF001DFF0018FF0014FF0010FF000C59
:109E8600FF0008FF0006FF0004FF0002FF0000FFBE
:109E96000100FF0300FF0500FF0700FF0A00FF0E99
:109EA60000FF1200FF1600FF1A00FF2000FF260029
:109EB600FF2C00FF3200FF3900FF4100FF4900FF81
:109EC6005100FF5900FF6300FF6D00FF7700FF811F
:109ED60000FF8C00FF9800FFA400FFB000FFBC004D
:109EE600FFC800FFD500FFE300FFF100FFFF00FF02
:109EF600FF00F8FF00EAFF00DCFF00CEFF00C2FF14
:109F060000B6FF00AAFF009EFF0092FF0086FF003A
:109F16007CFF0072FF0068FF005EFF0055FF004DEA
:109F2600FF0045FF003DFF0035FF002FFF0029FF22
:109F36000023FF001DFF0018FF0014FF0010FF00A4
:109F46000CFF0008FF0006FF0004FF0002FF0000F0
:109F5600000102030405060708090A0C0E10121474
:109F660016181B1E2124272A2D3135393D41454916
:109F76004D5155595E63686D72777C81868C9298D7
:109F86009EA4AAB0B6BCC2C8CED5DCE3EAF1F8FFFF
:109F9600FFF8F1EAE3DCD5CEC8C2BCB6B0AAA49EEF
:109FA60098928C86817C77726D68635E5955514DA7
:109FB6004945413D3935312D2A2724211E1B1816C6
:109FC6001412100E0C0A0908070605040302010004
:109FD60016181B1E2124272A2D3135393D414549A6
:109FE6004D5155595E63686D72777C81868C929867
:109FF6009EA4AAB0B6BCC2C8CED5DCE3EAF1F8FF8F
:10A00600FFF8F1EAE3DCD5CEC8C2BCB6B0AAA49E7E
:10A0160098928C86817C77726D68635E5955514D36
:10A026004945413D3935312D2A2724211E1B181655
:10A03600010101BFBFBF060606BEBEBE0B0B0BBCB1
:10A04600BCBC101010B9B9B9151515B4B4B41A1AA8
:10A056001AAFAFAF1F1F1FAAAAAA242424A5A5A51D
:10A06600292929A0A0A02E2E2E9B9B9B3333339605
:10A0760096963838389191913D3D3D8C8C8C424274
:10A08600428787874747478282824C4C4C7D7D7D3D
:10A096000005FF0011FF001DFF0030FF0041FF001B
:10A0A60055FF0069FF007FFF0089FF0094FF00A1B4
:10A0B600FF00ABFF00B6FF00C0FF00CAFF00D3FFE2
:10A0C60000DCFF00E5FF00EDFF00F3FF00FAFF00F4
:10A0D600FFFF00FFFA00FFF600FFEE00FFE700FFBC
:10A0E600DF00FFD600FFCD00FFC300FFBA00FFAFC1
:10A0F60000FFA500FF9900FF8F00FF8200FF72009E
:10A10600FF5D00FF4900FF3600FF2500FF1500FF39
:10A116000800FF000BFF0016FF0024FF0034FF00BD
:10A1260046FF0057FF006AFF007EFF0088FF009091
:10A13600FF0098FF009FFF00A8FF00B0FF00B7FFD9
:10A1460000C0FF00C6FF00CEFF00D4FF00DCFF000A
:10A15600E1FF00E7FF00EDFF00F3FF00F7FF00FB64
:10A16600FF00FFFF00FFF900FFF200FFEC00FFE138
:10A1760000FFD700FFCE00FFC300FFB700FFAA0015
:10A18600FF9F00FF9100FF8400FF6900FF4400FF6E
:10A196002200FF0A00FF0005FF0011FF001EFF005E
:10A1A60032FF0045FF005BFF0071FF0083FF008E5A
:10A1B600FF009BFF00A5FF00B1FF00BDFF00C7FF2A
:10A1C60000D1FF00DBFF00E5FF00ECFF00F3FF001E
:10A1D600FAFF00FFFA00FFF300FFED00FFE400FFC7
:10A1E600DC00FFD100FFC800FFBD00FFB200FFA8E2
:10A1F60000FF9E00FF8F00FF8300FF6F00FF5A00E5
:10A20600FF4500FF3200FF1F00FF1000FF0500FFA3
:10A2160052504D48454453504E47444254514E4681
:10A22600434055524F45423E57534F444036595589
:10A2360050433D305C5652423429625F5A34271FE0
:10A24600696C7D171B19737806111817787F08102B
:10A2560016167C01090F13157F03090F1314010647
:10A266000A0F121403070B0E121305080B0E121217
:10A276003AFFFFFFFFFFFFFFFFFFFFFFFF394132FE
:10A2860042333BFFFFFFFFFFFFFF4048312A2B34DD
:10A296003C44434A49FFFF382922232C2D50515272
:10A2A6004B4C25FF30211A1B2458595A5354453517
:10A2B600FF281912131C6061625B5C4D6355201107
:10A2C6000A0B14156871696A6B646C180902030C31
:10A2D6000D807208706D7465100001050482797D29
:10A2E6007A78757B7C00010203040508090A0B14C1
:10A2F6000D101112131C1518191A1B24FF202122E8
:10A30600232C2528292A2B342D303132333C35385D
:10A31600393A3B44FF404142434C4548494A4B5435
:10A326004D505152535C5558595A5B64FF606162F7
:10A33600630C6568696A6B6C6D707172737475789D
:10A34600797A7B7C7D000102030405060708090A69
:10A356000B0C0D0E0F10111213140001020304054D
:10A36600060708090A0B0C0D0E0F10111213140024
:10A376000102030405060708090A0B0C0D0E0F104F
:10A3860011121314000102030405060708090A0B3B
:10A396000C0D0E0F1011121314000C01020304050C
:10A3A600060708090A0B0D0E0F10111213140001EF
:10A3B60002030405060708090A0B0C0D0E0F1011FF
:10A3C600121314000000000000000000000000004E
:10A3D600000000000000000001010101010101016F
:10A3E6000101010101010101010101010102020254
:10A3F6000202020202020202020202020202020237
:10A406000202030303030303030303030303030318
:10A4160003030303030303040404040404040404FD
:10A4260004040404040404040404040405050505E2
:10A4360005050505050505050505050505050505C6
:10A4460005786450320000000000000000000000A3
:10A4560000000000000000000000010101010101F0
:10A4660001010101010101010101010101010102D5
:10A4760002020202020202020202020202020202B6
:10A48600020202020303030303030303030303039A
:10A49600030303030303030303040404040404047F
:10A4A6000404040404040404040404040404050564
:10A4B6000505050505050505050505050505050546
:10A4C60005050578645032143C32281E142D2319D4
:10A4D6000F052D23190F06503C281408140F0A05E2
:10A4E600015844301C087364553C1E785A462D01A9
:10A4F6001E18120C062018121006735F4B371E200A
:10A50600181008012E241A100632281E14080900F5
:10A516000A000B000C000D000E000F0000000100E9
:10A52600020003000400050006001E0F04001E0FB3
:10A53600040000010203040405060507050A050BCD
:10A546000520540920FF000000FF000000FFFFFF68
:10A5560000FF00FF00FFFFFFFFFF646464646428E0
:10A56600282828282D23190F052D23190F06503CBE
:10A576002814087864503214000000000058443053
:10A586001C0878645032140000000000785A462DEA
:10A59600011E18120C062018121006735F4B371E88
:10A5A600000000000020181008012E241A100632A0
:10A5B600281E1408FF000000FF000000FFFFFF0038
:10A5C600FF00FF00FFFFFFFFFF1E0F0400070E093D
:10A5D6001C1B1215383F363124232A2D70777E79BD
:10A5E6006C6B6265484F464154535A5D7D7A73746D
:10A5F60061666F6845424B4C595E57500D0A03041D
:10A6060011161F1835323B3C292E27206760696ECC
:10A616007B7C75725F58515643444D4A1710191E7C
:10A626000B0C05022F28212633343D3A1A1D14132C
:10A636000601080F22252C2B3E3930376A6D6463DC
:10A646007671787F52555C5B4E494047CEC9C0C78C
:10A65600D2D5DCDBF6F1F8FFEAEDE4E3BEB9B0B73C
:10A66600A2A5ACAB8681888F9A9D9493B3B4BDBAEC
:10A67600AFA8A1A68B8C85829790999EC3C4CDCA9C
:10A68600DFD8D1D6FBFCF5F2E7E0E9EEA9AEA7A04C
:10A69600B5B2BBBC91969F988D8A8384D9DED7D0FC
:10A6A600C5C2CBCCE1E6EFE8FDFAF3F4D4D3DADDAC
:10A6B600C8CFC6C1ECEBE2E5F0F7FEF9A4A3AAAD5C
:10A6C600B8BFB6B19C9B929580878E89003E7C422E
:10A6D600F8C684BAF0CE8CB20836744AE0DE9CA284
:10A6E6001826645A102E6C52E8D694AA5D63211F70
:10A6F600A59BD9E7AD93D1EF556B2917BD83C1FF54
:10A70600457B39074D73310FB58BC9F727195B6543
:10A71600DFE1A39DD7E9AB952F11536DC7F9BB8533
:10A726003F01437D37094B75CFF1B38D7A44063827
:10A7360082BCFEC08AB4F6C8724C0E309AA4E6D823
:10A74600625C1E206A54162892ACEED04E70320C13
:10A75600B688CAF4BE80C2FC46783A04AE90D2EC03
:10A7660056682A145E60221CA698DAE4132D6F51EF
:10A77600EBD597A9E3DD9FA11B256759F3CD8FB1D3
:10A786000B357749033D7F41FBC587B96957152BC3
:10A7960091AFEDD399A7E5DB615F1D2389B7F5CBB3
:10A7A600714F0D337947053B81BFFDC3340A4876A7
:10A7B600CCF2B08EC4FAB8863C02407ED4EAA896A3
:10A7C6002C12506E241A5866DCE2A09E003E7C4293
:10A7D600F8C684BAF1CF8DB30937754BE3DD9FA177
:10A7E6001B256759122C6E50EAD496A85F61231D6B
:10A7F600A799DBE5AE90D2EC56682A14BC82C0FE5F
:10A80600447A38064D73310FB58BC9F726185A644A
:10A81600DEE0A29CD7E9AB952F11536DC5FBB98736
:10A826003D03417F340A4876CCF2B08E7947053B2A
:10A8360081BFFDC388B6F4CA704E0C329AA4E6D81E
:10A84600625C1E206B55172993ADEFD14C72300E0A
:10A85600B48AC8F6BD83C1FF457B3907AF91D3EDF6
:10A8660057692B155E60221CA698DAE4132D6F51EA
:10A87600EBD597A9E2DC9EA01A246658F0CE8CB2DE
:10A886000836744A013F7D43F9C785BB6A541628CA
:10A8960092ACEED09BA5E7D9635D1F2189B7F5CBB6
:10A8A600714F0D337846043A80BEFCC2350B4977AA
:10A8B600CDF3B18FC4FAB8863C02407ED6E8AA949E
:10A8C6002E10526C27195B65DFE1A39D000B161D48
:10A8D6002C273A3159524F44757E6368B3B8A5AEFA
:10A8E6009F948982EAE1FCF7C6CDD0DBFFF4E9E26A
:10A8F600D3D8C5CEA6ADB0BB8A819C974C475A51DA
:10A90600606B767D151E030839322F24666D707BC9
:10A916004A415C573F3429221318050ED5DEC3C8B9
:10A92600F9F2EFE48C879A91A0ABB6BD99928F8429
:10A93600B5BEA3A8C0CBD6DDECE7FAF12A213C3799
:10A94600060D101B7378656E5F544942CCC7DAD189
:10A95600E0EBF6FD959E8388B9B2AFA47F74696279
:10A966005358454E262D303B0A011C173338252EE9
:10A976001F1409026A617C77464D505B808B969D59
:10A98600ACA7BAB1D9D2CFC4F5FEE3E8AAA1BCB749
:10A99600868D909BF3F8E5EEDFD4C9C219120F0439
:10A9A600353E2328404B565D6C677A71555E4348A9
:10A9B60079726F640C071A11202B363DE6EDF0FB19
:10A9C600CAC1DCD7BFB4A9A29398858E0000010145
:01A9D600027E
:06010D00E478FFF6D8FDC6
:1000EB007904E94400601B7A0190A9D7784775A081
:1000FB000CE493F2A308B8000205A0D9F4DAF27568
:02010B00A0FF53
:1000B400C000A88118C0D0B6001B18B67000401547
:1000C400B697005010C0E0E65407B406005004E6AA
:0A00D40054F8F6D0E0D0D0D000328E
:10920A0020F71130F6138883A88220F509F6A8837F
:10921A007583002280FEF280F5F0222222C0168594
:10922A008116C082C083E5812405F581AF160FE55A
:10923A00162403F8A607087600087640E51624FCEB
:10924A00FD7E007F40E5162406FCF9A81608860371
:10925A00E51624FCF886028BF0EAA4F709A7F019B0
:10926A00EC04F88604C000A81608860374012DFAD7
:10927A00E43EFE8A828E838FF01295278BF0A4FB40
:10928A00E5162403F8740126FDE40836FE0886076D
:10929A008D828E838FF0129527FDE51624FCF886C1
:1092AA0007D0008DF0EFA42B2CF687060987078ECE
:1092BA00828F83851681D0162275820022758200DC
:1092CA0022C016858116C082C083C0F0058105813F
:1092DA000581E51624F9F8E60846700690000002B2
:1092EA0093A9E51624FBF88602088603088604E596
:1092FA001624F9F8E5162404F9E6F708E609F7E56D
:10930A00162404F816B6FF020816E5162404F8E631
:10931A0008466043A8160886050886060886078D4B
:10932A00828E838FF0E5162406F8129527F68A05B1
:10933A008B068C078D828E838FF0129527FDE5169A
:10934A002406F8E6B50510A8160806B600020806AF
:10935A000ABA00AB0B80A8E51624FBF8A60208A6F9
:10936A000308A604A8160886050886060886078D37
:10937A00828E838FF0129527FD7F00E51624FBF875
:10938A0086030886040886068B828C838EF01295E3
:10939A0027FB7E00EDC39BFDEF9EFF8D828F8385A9
:0593AA001681D016221F
:100113007800E84400600A790075A000E4F309D888
:10012300FC7847E8440C600C790D900000E4F0A3E0
:04013300D8FCD9FA21
:1093AF00C016858116C082C083C0F0C0E07A007BF2
:1093BF00007E007F007D20A81608080808E62354C9
:1093CF0001FCA81608E626F608E633F608E633F69B
:1093DF0008E633F6EA2AFAEB33FBEE33FEEF33FF00
:1093EF00EC6003430201E51624FAF8C3EA96EB0892
:1093FF0096EE0896EF0896401CE51624FAF8EAC395
:10940F0096FAEB0896FBEE0896FEEF0896FFA81665
:10941F0008E64401F6DDA0A81608868208868308B0
:10942F0086F008E6851681D01622C016E581F5165E
:10943F002408F581AD82AE83AFF0E5162406F8A6B9
:10944F000508A60608A607E51624FBF8A91609E6DF
:10945F00F708E609F708E609F7E51624F9F8E5161F
:10946F002404F9E6F708E609F7E5162404F886035D
:10947F00088604E5162404F816B6FF020816EB4C0E
:10948F006028A8160886820886830886F01295271A
:10949F00FCA31818A68208A6838D828E838FF0EC0A
:1094AF0012920AA3AD82AE8380BFE5162406F8861A
:1094BF00820886830886F0851681D01622C016850D
:1094CF008116C082C083C0F0E51624FBF88605081C
:1094DF008606E51624FBF8E60846602AA8160886D5
:1094EF0002088603088604E51624FDF886078A829B
:1094FF008B838CF0EF12920AA3AA82AB831DBDFF60
:10950F00011EED4E70E8A81608868208868308862D
:07951F00F0851681D0162231
:0D00DE00758124122C00E58260030200B140
:109526002220F71430F6148883A88220F507E6A8CF
:109536008375830022E280F7E49322E022C0168539
:109546008116AE82E583FF33E433FD6009C3E49EF2
:10955600FBE49FFC80048E038F04E51624FCF808C8
:10956600E630E70FE51624FCF8C3E496FE08E49619
:10957600FF800AE51624FCF88606088607C005C0A3
:1095860006C0078B828C831297F4AE82AF83158157
:109596001581D005ED600DC3E49EFCE49FFD8C8231
:1095A6008D8380048E828F83D01622C01685811605
:1095B600C082C083C0F0C0E0E5812411F581E516C4
:1095C600240BF8E5162412F6E516240BF8E5162406
:1095D6000AF9740226F7AE160E8E008605E51624E5
:1095E600FAFCFBE5162406F874022BF6E5162406AB
:1095F600F8860086028DF0EAA4FAADF0E516240A94
:10960600F88600A60208A60518E516240BF88601BA
:109616008E02A80286078C02A80286028FF0EAA4B0
:10962600FAADF0A70209A705E516240BF874032680
:10963600F987078E02E5162405F874032AF6E5165F
:109646002405F8C001E5162407F98600E6F7D001DF
:109656008C008605E5162407F886F0EDA42FFFF7A3
:1096660074022AF8C001E5162408F9E6F7D001C00D
:1096760000E5162409F8EB04F6E5162409F8860039
:109686008605E5162408F886F0EDA42FF7E51624DE
:109696000AF9E516240CF88701E7F609E708F61932
:1096A600D00086078C0187058FF0EDA4FDAFF0E5AD
:1096B60016240CE516240CF8ED26FDEF0836FFE51A
:1096C60016240CF8A60508A607E516240AF886004F
:1096D600E516240CF9E7F60809E7F618EA04F9870F
:1096E60007E5162409F8860086058FF0EDA4FDAF80
:1096F600F0E516240CE516240CF8ED26FDEF0836E9
:10970600FFE516240AF88600A60508A6078707E5DA
:10971600162406F8860086058FF0EDA4C8E5162403
:1097260005C88600F6EA04F9EA04F886078C00867E
:10973600058FF0EDA4FFAAF0A70709A70274032B73
:10974600F98E00860787058FF0EDA4F7EB04F98EF6
:10975600008607EB04F886058FF0EDA4FFABF0A7B3
:109766000709A7038C0177008E017700E516240B05
:10977600F88601E516240EF8E7F609E708F609E784
:1097860008F609E708F6191919A8160886020886C0
:1097960003088606088607E516240EF8EA26F6EB81
:1097A6000836F6EE0836F6EF0836F6E516240EF815
:1097B600E6F70908E6F70908E6F70908E6F7E51601
:1097C60024FAF88604088605088606088607E5163C
:1097D600240EF8EC26FCED0836FDEE0836FEEF0802
:1097E600368C828D838EF0851681D0162222C01685
:1097F600858116AE82AF837D007C00E51624FCF8D9
:1098060008E6235401702FE51624FCF8E626F60830
:10981600E633F6E51624FCF8C3EE96EF08965011EB
:10982600E51624FCF808E618C313C613C608F68026
:10983600050C8C0580C5E51624FCF8C3EE96EF08EA
:1098460096400DE51624FCF8EEC396FEEF0896FF4B
:10985600E51624FCF808E618C313C613C608F68DE9
:10986600041DEC70D18E828F83D01622C01685819E
:0798760016758200D01622D6
:00000001FF
