:060000000200DE0229F3FC
:03000B0002293F88
:030013000224B212
:03001B000224B903
:030023000224C0F4
:03002B000224C7E5
:030033000224CED6
:03003B000228593F
:03004300022A3658
:03004B000224D5B7
:030053000224DCA8
:03005B000224E399
:030063000235D68D
:03006B00023769F0
:100070000000E2FBEAF2802C0000E0FBEAF08024C2
:10008000E6B50202EBF62200E2B50202EBF2220034
:10009000E0B50202EBF02230F6E0A88220F5D3EAC8
:1000A000C6F582228B822230F6E6A88220F5D9801E
:0100B000CF80
:03013A000200B10F
:0300B10002017BCE
:10013D001224AB1224A7122695122DB21228AC123E
:10014D002DAF1212F3121E1D122E2EAF8290000033
:10015D00EFF0EF600312024D125FF612235CD2AF87
:10016D0022121E43E5827003122E6A022E771201AF
:10017D003D122E5312016E900000E0600312032910
:10018D001251E112228C75B100122E9312352812E4
:10019D00173012628312037F121EA412231580E6FC
:1001AD00120389AF82BF010690037CE07004C22068
:1001BD008002D220A220E433F58222AF830234CB19
:1001CD00AF830234ECC016858116AF82900005EF27
:1001DD00F0900006E51624FCF8E6F008E6A3F09092
:1001ED000005123507D01622AE82AF83900001E0D4
:1001FD00FCA3E0FDEEB50405EFB50501229000016D
:10020D00EEF0EFA3F0C006C0077582011201D21502
:10021D0081158122AE82AF83900003E0FCA3E0FD47
:10022D00EEB50405EFB5050122900003EEF0EFA346
:10023D00F0C006C0077582021201D2158115812208
:10024D00122E1FE58270012290020DE4F090020E35
:10025D00F090020FF0900210F0900211F0C200C267
:10026D0001900213E4F0900212F0900208F0A3F056
:10027D0090020AF0A3F0A3F0900214F0A3F0900204
:10028D0016F00227C190020DE4F090020EF09002DC
:10029D000FF0900210F0900211F0C200C201900216
:1002AD0013E4F0900212F00227D1AE82AF83C007A3
:1002BD00C006120390E582D006D0077001227D00A2
:1002CD007408C0E08E828F838DF01227DB1581229A
:1002DD00AE82AF83C007C006120390E582D006D070
:1002ED00077001227D007416C0E08E828F838DF021
:1002FD00122819158122AE82AF83C007C0061203E2
:10030D0090E582D006D0077001227D007403C0E015
:10031D008E828F838DF01228191581227E007F0029
:10032D008E048F05C3EC94A0ED940F503575B1007C
:10033D00900216E0600D900214E0F5F0A3E045F098
:10034D00700B22C3EC94F4ED940140012290000156
:10035D00C007C00612246CD006D0070EBE00C10F18
:10036D0080BE2230010B300008200305D2034391DB
:10037D00022230020612522102249D22900210E028
:10038D00F5822290020DE0FFBF0203D38001C392DC
:10039D0020E433F58222C016E581F5162408F58197
:1003AD00D310AF01C3C0D0AF160F7E007D408F823A
:1003BD008E838DF01212CBD0D092AFAF160F8F016E
:1003CD008706EF04F987058E04BC0002802DBC0161
:1003DD00030204BABE020302051ABE210302056F11
:1003ED00BE8003020478BE81030204D8BE820302DC
:1003FD000551BEA1030205B90205E9BD0102801434
:10040D00BD03028021BD0502802EBD0702803BBDCC
:10041D000950803C8F037C007E408B828C838EF054
:10042D001207140205EF8F037C007E408B828C83B4
:10043D008EF01207570205EF8F037C007E408B82F2
:10044D008C838EF01206CD0205EF12094A0205EFDC
:10045D008F037C007E408B828C838EF012087D0290
:10046D0005EF4397084397020205EFBD0002800A8E
:10047D00BD06028017BD082C80248F037C007E40B2
:10048D008B828C838EF01209510205EF8F037C0055
:10049D007E408B828C838EF0120AAD0205EF120F17
:1004AD00550205EF4397084397020205EFBD0B1266
:1004BD008F037C007E408B828C838EF01208E402C9
:1004CD0005EF4397084397020205EFBD0002800A2E
:1004DD00BD06028017BD0A2C80248F037C007E4050
:1004ED008B828C838EF01209900205EF8F037C00B6
:1004FD007E408B828C838EF0120AAD0205EF120FB7
:10050D006D0205EF4397084397020205EFBD010207
:10051D008005BD032680128F037C007E408B828C6C
:10052D00838EF012079A0205EF8F037C007E408BBD
:10053D00828C838EF012081A0205EF4397084397B9
:10054D00020205EFBD00128F037C007E408B828C72
:10055D00838EF01209EC0205EF43970843970202D0
:10056D0005EFBD0902800ABD0A028016BD0B35805C
:10057D00228F037C007E408B828C838EF0120F893C
:10058D0080608F037C007E408B828C838EF01210F6
:10059D0033804F8F037C007E408B828C838EF012D4
:1005AD00106A803E4397084397028036BD01028052
:1005BD000ABD0202800ABD031B800A120F8280222F
:1005CD00121058801D7E007D408F828E838DF0121B
:1005DD0010C4800E43970843970280064397084343
:1005ED009702851681D01622AF92AE93EF7003025B
:1005FD00068AEF30E3275392F7900214E0FCA3E054
:10060D00FD900214E0F5F0A3E045F0600D1CBCFF79
:10061D00011D900214ECF0EDA3F0C201225392EFF4
:10062D0053929FEF30E70653927F02024DEF30E475
:10063D00145392EF90021474F4F07401A3F090022D
:10064D0016F00203A3EF30E2065392FBD20322EF22
:10065D0030E1105392FD90020DE0FDBD0261D2011B
:10066D00C20322EF30E0585392FE43912000000068
:10067D000000005391DF12024D43970122EE603FBF
:10068D00EE30E6075393BF439A0122EE30E5045353
:10069D0093DF22EE30E40A5393EF121105439701D5
:1006AD0022EE30E2065393FB022858EE30E106535A
:1006BD0093FD022857EE30E0065393FE02115022AF
:1006CD00AD82AE83AFF0900213E4F074022DFDE421
:1006DD003EFE8D828E838FF0128C5EFBA3128C5E9C
:1006ED004B600890020D7401F0800590020DE4F04E
:1006FD008D828E838FF0128C5E90020EF0539BF0E4
:10070D0043970243970422AD82AE83AFF09002135C
:10071D00E4F08D028E038F048A828B838CF0128C11
:10072D005E540F701E74022DFDE43EFE8D828E838D
:10073D008FF0128C5EFDA3128C5EFEBD0105BE0016
:10074D0002C200539BF043970422AD82AE83AFF0FB
:10075D00900213E4F08D028E038F048A828B838CBA
:10076D00F0128C5E540F701E74022DFDE43EFE8D52
:10077D00828E838FF0128C5EFDA3128C5EFEBD0106
:10078D0005BE0002D200539BF043970422AE82AD0A
:10079D0083AFF0900213E4F08E028D038F048A82F2
:1007AD008B838CF0128C5EFA53020FBA02587402CE
:1007BD002EFAE43DFB8F048A828B838CF0128C5EC3
:1007CD00FAA3128C5E4A703E74042EFEE43DFD8E3B
:1007DD00828D838FF0128C5EFEA3128C5EFF4E70A5
:1007ED00085397F75397FD801DBE8108BF00055331
:1007FD0099F78012BE8208BF0005539AF780074310
:10080D00970843970222539BF043970422AD82AE83
:10081D0083AFF0900213E4F08D028E038F048A8271
:10082D008B838CF0128C5EFA53020FBA023474046F
:10083D002DFDE43EFE8D828E838FF0128C5EFDA326
:10084D00128C5EFEBD8108BE0005439908801ABD5D
:10085D008208BE0005439A08800F4397084397020C
:10086D00800743970843970222539BF04397042236
:10087D00AE82AD83AFF0900213E4F090020EE06013
:10088D004974022EFEE43DFD8E828D838FF0128C15
:10089D005EFEA3128C5EFF4E600A8E048F05BC01B6
:1008AD0021BD001E90020FEEF0EE600890020D7457
:1008BD0002F0800690020D7401F0539BF0439704F3
:1008CD00800E43970843970280064397084397028B
:1008DD00539BF043970422AE82AD83AFF090021389
:1008ED00E4F074022EFAE43DFB8F048A828B838C34
:1008FD00F0128C5EFAA3128C5E4A703A74042EFECE
:10090D00E43DFD8E828D838FF0128C5EFEA3128CE2
:10091D005EFF4E700A539BF043970443970222BE2D
:10092D00010DBF000A539BF04397044397022243E6
:10093D00970843970222439708439702224397084B
:10094D0043970222AD82AE83AFF09002137402F092
:10095D008D828E838FF0128C5E540F701F300008C5
:10096D009011087402F08005901108E4F0901109BF
:10097D00E4F0539BF0439B024397042243970843B3
:10098D00970222AE82AD83AFF08E028D038F048A63
:10099D00828B838CF0128C5EFA53020FBA0139747C
:1009AD00042EFEE43DFD8E828D838FF0128C5EFE53
:1009BD00A3128C5EFF4E6006BE0116BF0013901190
:1009CD0008E4F0901109F0539BF0439B0243970408
:1009DD00224397084397022243970843970222AD7B
:1009ED0082AE83AFF08D028E038F048A828B838C4F
:1009FD00F0128C5EFA53020FBA02028003020AA6AD
:100A0D0074042DFDE43EFE8D828E838FF0128C5E7C
:100A1D00FDA3128C5EFEBD801BBE0018AC97530467
:100A2D0002E4A2E713CC13CC901108ECF09011095D
:100A3D00E4F0805BBD8127BE0024AC99530408E42B
:100A4D0023CCC423541F6CCC541FCC6CCC30E4028B
:100A5D0044E0901108ECF0901109E4F08031BD8272
:100A6D0027BE0024AE9A530608E423CEC423541F98
:100A7D006ECE541FCE6ECE30E40244E0901108EEDF
:100A8D00F0901109E4F08007439708439702225331
:100A9D009BF0439B024397042243970843970222FE
:100AAD00C016858116C082C083C0F0E581240BF588
:100ABD0081A81608740226FAE40836FB0886048A13
:100ACD00828B838CF0128C5EFAA3128C5EFC8A07EB
:100ADD00BC01547C007A009090D5E493FDA3E4937F
:100AED00FE8D828E83E493FF7B00C3EC9FEA9B50C7
:100AFD001EEC2408FBEA3400FFEC2DF582EA3EF5EE
:100B0D0083E4938B828F83F00CBC00CB0A80C87D6D
:100B1D00087E007F00900008E0FBE5162404F8A68F
:100B2D0003087600020F04BC02028003020CC99078
:100B3D0090D9E493FBC3EF9B4003020CC99090DA6C
:100B4D00E493FAA3E493FBEF75F002A42AF582EB8C
:100B5D0035F0F583E493FFA3E493FE74092FFDE4D0
:100B6D003EFCE516240DF876000876008F828E8304
:100B7D00E5162406F8E493F6E5162406F886027BBE
:100B8D0000E516240DF8C3E69A08E69B503EE516DF
:100B9D00240DF8E5162407F9E62408F708E63400D5
:100BAD0009F7E516240DF8E62FF58208E63EF583E4
:100BBD00E493FBE5162407F88682088683EBF0E5BF
:100BCD0016240DF806B60002080680A0E5162406C8
:100BDD00F8E5162409F9E62408F7E4340009F7E5E9
:100BED00162407F8A60508A604E516240DF87600C8
:100BFD00087600E5162407F88682088683E493FFBD
:100C0D00A3E493FE8F828E83E493FB7A00E5162492
:100C1D000DF8C3E69B08E69A5034E5162409F8E56D
:100C2D0016240DF9E726FD09E70836FCE516240D17
:100C3D00F8E62FF58208E63EF583E4938D828C83EA
:100C4D00F0E516240DF806B60002080680A58F8281
:100C5D008E83E493FBE5162409F8EB26F6E40836BB
:100C6D00F6E5162407F8740226F6E40836F6E516BE
:100C7D002407F88682088683E493FAA3E4934A60F6
:100C8D0003020BF690000AE0FAA3E04A7017E5168E
:100C9D002409F8E6C39408FA08E69400FB90000ACC
:100CAD00EAF0EBA3F07D087E007F0090000AE516C8
:100CBD002404F8E0F6A3E008F6020F04E4BC0301F7
:100CCD0004FB604CEF7049FDFC9090CBE493FA7FF0
:100CDD0000C3ED9AEC9F5020ED2408FFEC3400FE8C
:100CED00ED24CBF582EC3490F583E4938F828E83E3
:100CFD00F00DBD00D40C80D17D087E007F009000EA
:100D0D0008E0FAE5162404F8A602087600020F049E
:100D1D00EB7003020DEEC0047E00EF24FFFDEE34F8
:100D2D00FFFB9090DCE493FA7C00C3ED9AEB6480BA
:100D3D008CF063F08095F0D0044003020DEE90909E
:100D4D00DDE493FDA3E493FCEF24FFFAEE34FFFB07
:100D5D00EA2AFAEB33FBEA2DF582EB3CF583E493BB
:100D6D00FEA3E493FD9000087402F090000904F0D6
:100D7D00E516240BF874012409F6E4340008F68E08
:100D8D00828D83E493FF60418F030EBE00010DE55C
:100D9D0016240BF88682088683EBF0E516240BF8F3
:100DAD00740126FAE40836FB8A828B83E4F0E5169B
:100DBD00240BF874012AF6E43B08F6900008E0FBDA
:100DCD000B0B900008EBF080B67D087E007F009045
:100DDD000008E0FBE5162404F8A603087600020FD0
:100DED0004BC224CA81608740426FFE40836FE083D
:100DFD0086058F828E838DF0128C5EFA70137DB412
:100E0D007E8F7F80E5162404F87644087600020F65
:100E1D0004BA01137DF87E8F7F80E5162404F876E1
:100E2D0076087600020F04439708439702020F4F8E
:100E3D00BC21028003020EFCA81608740426FAE4F5
:100E4D000836FB0886048A828B838CF0128C5EFC3C
:100E5D007048FDFC909089E493FB7A00C3ED9BEC08
:100E6D009A5020ED2408FFEC3400FEED2489F58224
:100E7D00EC3490F583E4938F828E83F00DBD00D416
:100E8D000C80D17D087E007F00900008E0FBE51608
:100E9D002404F8A603087600805DBC014A7F007E1D
:100EAD00009090A2E493FA7C00C3EF9AEE9C502040
:100EBD00EF2408FBEE3400FCEF24A2F582EE349013
:100ECD00F583E4938B828C83F00FBF00D40E80D119
:100EDD007D087E007F00900008E0FCE5162404F8F4
:100EED00A604087600801043970843970280534369
:100EFD009708439702804BA81608740626FBE40852
:100F0D0036FA0886048B828A838CF0128C5EFBA3E2
:100F1D00128C5EFCE5162404F8C3EB96EC089640A3
:100F2D000AE5162404F88603088604C003C0048D60
:100F3D00828E838FF01211791581158112119F43C5
:100F4D009704851681D016229002137402F0900238
:100F5D000FE0901108F0539BF0439B01439704223F
:100F6D009002137402F0901108E4F0539BF0439B30
:100F7D00014397042243970843970222C0168581A7
:100F8D0016C082C083C0F0A81608740226FBE408C0
:100F9D0036FA0886048B828A838CF0128C5EFBA352
:100FAD00128C5EFABA02028005BA036E804DA81645
:100FBD0008740426FDE40836FE0886078D828E83AC
:100FCD008FF0128C5EFDA3128C5E4D7053A8160827
:100FDD00740626FDE40836FE0886078D828E838F03
:100FED00F0128C5EFDA3128C5EFEBD0133BE00308F
:100FFD009002137404F04397018025900213E4F0DE
:10100D00BB05099002137405F0439701900213E09C
:10101D00700E439708439702800643970843970243
:10102D00851681D01622AD82AE83AFF074022DFDF0
:10103D00E43EFE8D828E838FF0128C5EA3128C5E49
:10104D00900212F0539BF043970422900212E0900D
:10105D001108F0539BF0439B0143970422AD82AEE0
:10106D0083AFF074042DFBE43EFA8F048B828A83E8
:10107D008CF0128C5EFBA3128C5EFC4B701874020C
:10108D002DF8E43EF98F02888289838AF0128C5EF6
:10109D00900210F0801ABB0117BC001474022DFDD4
:1010AD00E43EFE8D828E838FF0128C5E900211F0E5
:1010BD00539BF043970422AE82AD83AFF074042EA0
:1010CD00FEE43DFD8E828D838FF0128C5EFEA312A9
:1010DD008C5EFF4E700A900210E0901108F0800EA9
:1010ED00BE010BBF0008900211E0901108F0539B58
:1010FD00F0439B0143970422900213E0FFBF0415B8
:10110D00900213E4F0901100E0F582121E37539B0C
:10111D00F043970422BF051F900213E4F0901100D5
:10112D00E0FFBF050B901101E0FFBF7503D2022256
:10113D00539BF043970422900213E4F0539BF0432A
:10114D00970422900213E0FFBF010A12119F4397EB
:10115D000443970122BF0207439701439708224397
:10116D00970843970190020EE0F59622C0168581EF
:10117D0016AFF0AE83E58290020AF0EEA3F0EFA376
:10118D00F0E51624FCF8900208E6F008E6A3F0D08E
:10119D001622900208E0FEA3E0FF4E700D900213A0
:1011AD007402F0539BF0859B9B228E048F05C374B4
:1011BD00089CE49D50589002137401F090020AE0CF
:1011CD00F9A3E0FAA3E0FB7408C0E089828A838B5F
:1011DD00F012127E1581900208E0FAA3E0FBEA24DA
:1011ED00F8FAEB34FFFB900208EAF0EBA3F0900263
:1011FD000AE0F9A3E0FAA3E0FB90020A740829F0D3
:10120D00E43AA3F0EBA3F0539BF0439B0822BC08F8
:10121D0031BD002E9002137401F090020AE0FBA381
:10122D00E0FCA3E0FD7408C0E08B828C838DF0128E
:10123D00127E1581900208E4F0A3F0539BF0439BBE
:10124D0008229002137402F090020AE0FCA3E0FD64
:10125D00A3E0FFC0068C828D838FF012127E158164
:10126D00539BF0900208E0FEA3E0AD9BEE4DF59B85
:10127D0022C016858116C082C083C0F0E51624FDFC
:10128D00F8E624F740327C00E51624FDF8C3EC9611
:10129D005026EC2408FAE43411FBA81608EC26FDC0
:1012AD00E40836FE0886078D828E838FF0128C5EE1
:1012BD008A828B83F00C80D0851681D01622AD8268
:1012CD00AE83AFF07C00BC0800501AEC2DF9E43E63
:1012DD00FA8F038C82758311E089828A838BF012D9
:0612ED0089410C80E122A2
:108FB40005010906A101050719E029E715002501A6
:108FC400750195088102750895018101050719004D
:108FD40029FF150026FF007508950681000508196C
:108FE4000129051500250175019505910275039563
:108FF400019101C005010980A1018501198129831D
:109004001500250175019503810295058101C005AF
:109014000C0901A101850219002AFF02150026FF8F
:1090240002751095018100C00600FF0901A10185A8
:109034000519012902150026FF0075089505B102DE
:10904400C005010906A1018506050719E029E715F0
:1090540000250175019508810205071900299F154E
:10906400002501750195A08102C0120110010000C4
:1090740000088A250C010000010203010904000014
:109084000103010100092111010001224400070527
:1090940081031000010904010001030000000921FB
:1090A4001101000122760007058203400001090234
:1090B4000000020100A0FA8090899092909990A2F9
:1090C40090AB900000B29004030904DF90E390F2A7
:1090D400906E90000001C99003CF90534D4B004116
:1090E400554C41204636352028534D4B290030300D
:0390F40030310018
:1012F300900238E4F0900239F0900237F0FFBF100B
:1013030000501BEF2417F582E43402F583E4F0EF79
:101313002427F582E43402F583E4F00F80E022E52C
:1013230082900239F022C016858116AE82AF839077
:101333000238E0FDE070068E828F838045ED75F004
:10134300A0A42469FC749135F0FDE51624FDF8E6AC
:10135300C42354E02CFCE43DFDE51624FCF8E6260A
:101363002CF582E43DF583E493FCA3E493FD8C0226
:101373008D03BA0105BB000280048C068D078E82A3
:101383008F83D01622C016858116AE82AF838E045A
:101393008F05C3EC94E0ED9400404574E79CE49D15
:1013A300403EE51624FDF8E660198E0374075BF5ED
:1013B300F005F07401800225E0D5F0FBF582121CE4
:1013C300DF80178E0374075BF5F005F0740180026C
:1013D30025E0D5F0FBF582121CE8121805021480F3
:1013E300C3EC9404ED9400403474A49CE49D402D1C
:1013F300E51624FDF8E660118E03C00390033A75E9
:10140300F000121BF51581800F8E03C00390033A81
:1014130075F000121C3E15811218058060C3EC9410
:10142300A5ED9400402974A79CE49D4022E5162471
:10143300FDF8E6600D8E038B82121D33AA82AB8307
:1014430080047A007B008A828B831201F5802EC38D
:10145300EC94A8ED9400402574C29CE49D401EE5E5
:101463001624FDF8E6600B8E82121D54AE82AF8304
:1014730080047E007F008E828F83120221D0162289
:10148300C016858116AF82900239E075F0A0A424BE
:1014930069FD749135F0FEEFC42354E02DFDE43E65
:1014A300FEE51624FDF8E626FC2DF582E43EF583E1
:1014B300E493FDA3E493FE8D028E03C3EA9420EB31
:1014C3009452403A743F9A74529B4032E51624FC7E
:1014D300F8E660118D03900238741F5BF07582018A
:1014E300122F5A801790033A75F000121C8790024E
:1014F30038E4F0758200122F5A1218058070E51631
:1015030024FCF8E6603DC007C004E51624FDF8E6B8
:10151300C0E0C0078D828E83121329AD82AE83157E
:10152300811581D004D007EF75F020A4243AFA7412
:101533000235F0FBEC2AF582E43BF583EDF0EEA3F4
:10154300F0801AEF75F020A4243AFB740235F0FF03
:10155300EC2BF582E43FF583E0FDA3E0FEE51624E2
:10156300FCF8E6C0E08D828E831215741581D016C7
:1015730022C016858116AE82AF83C007C006E5166A
:1015830024FDF8E6C0E08E828F83123165AD8215AB
:1015930081D006D007ED70028031C007C006E51682
:1015A30024FDF8E6C0E08E828F83125E74AD82154F
:1015B30081D006D007ED70028011E51624FDF8E610
:1015C300C0E08E828F831213881581D01622C01635
:1015D300E581F5162406F581E582FF2417F582E4FB
:1015E3003402F583E0FEE51624FDF8EE66541FFD94
:1015F300E5162405F8A605ED7014EF242AFBE43460
:1016030003FD8B828D83E070058E820216AFE51693
:101613002406F876007B01EF75F005A424DAFA744A
:101623000235F0FCA81608A60208A6047D00BD0535
:10163300005066E5162405F8EB566049C007E51629
:101643002403F8ED2AF6E43C08F6E5162403F886AD
:1016530082088683E0FF0FE5162403F88682088656
:1016630083EFF0BF0400D0074011EB6206E51624B8
:1016730003F88682088683E4F08018E5162406F8CA
:10168300EB46F6800EA81608ED26F582E40836F53B
:1016930083E4F00DEB2BFB8095EF242AF582E434F1
:1016A30003F583E5162406F8E6F08E82851681D0CD
:1016B30016221251F5122D41128F2A122C5E7F0031
:1016C300BF1000505B8F82C007122C6A90000A1271
:1016D300245C122D26AE8290000AC00612245C12EE
:1016E3002D26AD82D006D007EEB50528EF2417FCD2
:1016F300E43402FDEEF4FEC007C005C004C0068F4B
:10170300821215D1AE821581D004D005D0078C8208
:101713008D83EEF08F82C007122CC8D0070F80A0F4
:10172300128C5D1251FB9002377401F022C016E552
:1017330081F5162410F581900237E07005F58202D9
:1017430017FF900237E4F0AF160FFEBE10005012E1
:10175300EE2FF9EE2417F582E43402F583E0F70E59
:1017630080E9C2207E00BE100040030217F9EE2F6D
:10177300F98705EE2427F582E43402F583E0FCEDD6
:101783006204ECFB606CD220C007C006C005C00336
:10179300C0241222ECD024D003D005D006D0077C7D
:1017A300017A00BA0500503EEC5B6034C007EC5D83
:1017B30024FFE433FFC007C006C005C004C003C054
:1017C30002C024C007C0068A8212148315811581C2
:1017D300D024D002D003D004D005D006D007D00740
:1017E3000AEC2CFC80BDEE2427F582E43402F58359
:1017F300EDF00E021769A220E433F582851681D03D
:1018030016221201ADE582600302187702181290C6
:101813000C01E0FF90033AF0900C02E042079003C2
:101823003AEFF07408C0E0E4C0E07442C0E074032F
:10183300C0E0E4C0E090033AF5F0128A02AE82AF52
:1018430083E58124FBF581EE4F60287F00BF08000C
:10185300501BEF2442FDE43403FEEF243AF582E407
:101863003403F583E08D828E83F00F80E090033A9A
:101873000201C82290034A7406F0900C01E0FF9025
:10188300034BF0900C02E0420790034BEFF0741609
:10189300C0E0E4C0E07460C0E07403C0E0E4C0E012
:1018A30090034AF5F0128A02AE82AF83E58124FBEE
:1018B300F581EE4F60287F00BF1600501BEF2460B8
:1018C300FDE43403FEEF244AF582E43403F583E0B8
:1018D3008D828E83F00F80E090034A0201CD22AD0A
:1018E30082AE83AFF074022DFDE43EFE7C06C0079A
:1018F300C006C005C0041201ADE582D004D005D0F6
:1019030006D00760087D4C7E037F007C147B008C2F
:10191300021CEA60158D828E838FF0128C5EFAA30F
:10192300AD82AE83EA60E80B80E58B8222AD82AEA6
:1019330083AFF0C007C006C0051201ADE582D00534
:10194300D006D007603B7C00BC14005012EC244C42
:10195300FAE43403FB8A828B83E070030C80E9ECA6
:10196300C40354F8FBEC244CF582E43403F583E020
:10197300F582C003121D07AC82D003EC42038B82B5
:101983002274022DFDE43EFE8D828E838FF0128C35
:101993005EF58222C01685811605810581AD82AE72
:1019A30083AFF0E51624FDF8E67005F582021A5CB4
:1019B300C007C006C0051201ADE582D005D006D030
:1019C300076051E51624FDF8E6C423541FFCBC143C
:1019D30000503CEC244CFFE43403FEE51624FDF8F0
:1019E30086E05407F5F005F07D017A008006ED2DC1
:1019F300FDEA33FAD5F0F78F828E83E0FB7C00EDAE
:101A03005203EA5204EB4C24FFE433F582804A7517
:101A13008200804574022DFDE43EFEA81608760080
:101A2300A81608B60600502EA81608E62DFAE43EBE
:101A3300FB8F048A828B838CF0128C5EFAE516246A
:101A4300FDF8E6B50205758201800EA81608A916F1
:101A530009E604F780CA758200851681D01622C074
:101A630016858116C082C083C0F07CFF7B00C3EB68
:101A730064809486503AC004A81608740226FAE4D7
:101A83000836FC088607EB2AFAE43CFC8A828C833E
:101A93008FF0128C5EFFE51624FDF8E6B50704D03F
:101AA30004800DD004BCFF05EF70028B040B80BED5
:101AB300BB062ABCFF028025A81608740226FDE493
:101AC3000836FE088607EC2DFCE43EFB8F028C8271
:101AD3008B838AF0E51624FDF8E612894185168189
:101AE300D01622C016858116058105810581AD8238
:101AF300AE83AFF074022DFDE43EFE7C00BC060015
:101B03005037A81608EC2DF6E43E08F608A607A8F9
:101B1300160886820886830886F0128C5EFBE5161B
:101B230024FDF8E6B5030FA8160886820886830805
:101B330086F0E41289410C80C4851681D01622C038
:101B430016858116AD82AE83AFF0E51624FDF8E667
:101B5300C423541FFCBC1400503B74022DFDE43E0F
:101B6300FEEC2DFCE43EFB8F02E51624FDF886E037
:101B73005407F5F005F07401800225E0D5F0FBFF72
:101B83008C828B838AF0128C5E42078C828B838AD1
:101B9300F0EF128941D01622C016858116AD82AEB0
:101BA30083AFF0E51624FDF8E6C423541FFCBC14F0
:101BB30000503C74022DFDE43EFEEC2DFCE43EFBA4
:101BC3008F02E51624FDF886E05407F5F005F0745E
:101BD30001800225E0D5F0FBF4FF8C828B838AF031
:101BE300128C5E52078C828B838AF0EF128941D06C
:101BF3001622C016858116AD82AE83AFF0C007C032
:101C030006C0051201ADE582D005D006D0076015E8
:101C1300E51624FDF8E6C0E090034A75F000121BB8
:101C23004215818013E51624FDF8E6C0E08D828E0F
:101C3300838FF0121A621581D01622C01685811681
:101C4300AD82AE83AFF0C007C006C0051201ADE59B
:101C530082D005D006D0076015E51624FDF8E6C04E
:101C6300E090034A75F000121B9B15818013E51663
:101C730024FDF8E6C0E08D828E838FF0121AE615FC
:101C830081D01622AD82AE83AFF0C007C006C00577
:101C93001201ADE582D005D006D00760187414C0D8
:101CA300E0E4C0E0C0E090034CF5F0128C03158132
:101CB300158115812274022DFDE43EFE7406C0E0F9
:101CC300E4C0E0C0E08D828E838FF0128C03158117
:101CD3001581158122900C01E0F58222AF82900CD0
:101CE30001E04FF022E582F4FF900C01E05FF02267
:101CF300E582900C01F022900C01E4F022900C029A
:101D0300E0F58222AF827E00EFC4540FFD60048DA4
:101D1300077E04EF0303543FFD60088D078E0574AF
:101D2300022DFEEFC31360058E07EF04FE8E8222A1
:101D3300AF82BFA502800ABFA6028009BFA70E809B
:101D430008900001229000022290000422900000DB
:101D530022AF82BFA8005003021E19EF243D500397
:101D6300021E19EF2458FF240A83F582EF241F83F0
:101D7300F583E473ADB1B5B9BDC9D1D5CDD9DDE135
:101D8300EDF1F5F9FD010DC1C50509E5E911151DD4
:101D93001D1D1D1D1D1D1D1D1D1D1D1D1D1D1D1D70
:101DA3001E1E1D1D1E1E1D1D1E1E9000E2229000E4
:101DB300E9229000EA229000B5229000B62290001A
:101DC300B3229000B4229000B7229000CC2290005E
:101DD300CD229001832290018A22900192229001C8
:101DE300942290019F229001CB2290022122900203
:101DF300232290022422900225229002262290027E
:101E0300272290006F229000702290022A229002D3
:0A1E13009F229002A02290000022FE
:02A0BE000000A0
:101E1D00900376E4F0900377F0900378F0900379D7
:101E2D00F090037AF090037BF022AF82900376EF6F
:101E3D00F02222021E3F7434C0E090037D122AACC2
:101E4D00AF821581EF600475820122740AC0E090A3
:101E5D00037D122AACAF821581EF7003F582227FCC
:101E6D000ABF3400500FEF247DF582E43403F5836F
:101E7D00E4F00F80EC758201229003B1E4F0125270
:101E8D00017434C0E090037D122B5215810252076C
:101E9D009003B17401F0229003B1E06003021E863D
:101EAD0022C016858116AF82BF00028038BF0102A5
:101EBD008005BF02308017E51624FCF88682128952
:101ECD00FAAF82E51624FBF8E62FF5828036E5168B
:101EDD0024FDF886821289FEAF82E51624FBF8E612
:101EED002FF582801FE51624FCF8E6C0E0E51624E8
:101EFD00FDF88682128FA9AF821581E51624FBF8B5
:101F0D00E62FF582D01622C016E581F5162406F5CA
:101F1D0081AF82BF55005064E51624FBF8A9160960
:101F2D00E6F708E609F708E609F78F03EB75F00306
:101F3D00A4D394FFF4FBA81608868208868308862E
:101F4D00F0EB128941A81608740126FAE40836FB55
:101F5D000886068A828B838EF0E4128941A81608C2
:101F6D00740226FCE40836FD088606EF75F003A41E
:101F7D008C828D838EF012894102204FBFAA0050B2
:101F8D00668F06EE24ABFFE51624FBF8A91609E6CD
:101F9D00F708E609F708E609F7A816088682088605
:101FAD00830886F0E4128941A816080426FAE4088D
:101FBD0036FD088606EF75F003A48A828D838EF0B8
:101FCD00128941A81608740226FCE40836FD08861D
:101FDD00068F03EB75F003A4D394FFF48C828D83ED
:101FED008EF0128941805BEF2456FFE51624FBF835
:101FFD008604088605088606EF75F003A48C828D8D
:10200D00838EF0128941E5162404F874012CF6E450
:10201D003D08F608A606EF75F003A4D394FFF4FF70
:10202D00E5162404F886820886830886F0EF128967
:10203D004174022CFCE43DFD8C828D838EF0E41204
:10204D008941851681D01622C016E581F516240624
:10205D00F581AF82BF0360E51624F7F88602088686
:10206D0003088607E5162404F874012AF6E43B08F4
:10207D00F608A60774022AFCE43BFD8F068C828DC0
:10208D00838EF0E51624FAF8E6128941E51624044C
:10209D00F886820886830886F0E51624FAF9E71299
:1020AD0089418A828B838FF0E51624FAF8E612892E
:1020BD0041758201022202BF0400400675820002B2
:1020CD002202E51624FBF8E6C0E0E51624FCF8E64E
:1020DD00C0E0E51624FDF8E6C0E08F82121EAEAF1B
:1020ED0082158115811581E51624F7F8E6C0E00803
:1020FD00E6C0E008E6C0E08F82121F14158115813D
:10210D001581E51624F7F886050886060886078DDD
:10211D00828E838FF0128C5EFC7B00E51624FAF81C
:10212D00A91609E6F7097700C007C006C005A8166D
:10213D0008E6C0E008E6C0E08C828B8312895EACB5
:10214D008315811581D005D006D0078C038D828E25
:10215D00838FF0EB128941E5162404F874012DF6F6
:10216D00E43E08F608A607E5162404F886820886DC
:10217D00830886F0128C5EFC7B00C007C006C0058C
:10218D00A81608E6C0E008E6C0E08C828B831289B1
:10219D005EAC8315811581D005D006D0078C03E583
:1021AD00162404F886820886830886F0EB1289418E
:1021BD0074022DFDE43EFE8D828E838FF0128C5EB7
:1021CD00FC7B00C007C006C005A81608E6C0E008E5
:1021DD00E6C0E08C828B8312895EAC8315811581FC
:1021ED00D005D006D0078C038D828E838FF0EB1235
:1021FD008941758201851681D01622C016858116FA
:10220D00AF82BF031DE51624F8F88604088605087D
:10221D0086068C828D838EF074FF12894175820142
:10222D00805ABF040040057582008050E51624FBDE
:10223D00F8E6C0E0E51624FCF8E6C0E0E51624FD5E
:10224D00F8E6C0E08F82121EAEAF821581158115A2
:10225D0081E51624F8F88604088605088606BF80F1
:10226D00005005EF2FFB800774FFC39F25E0FB8C0B
:10227D00828D838EF0EB128941758201D0162290EA
:10228D0003B2E4F0A3F09003B4F09003B5F022E5AF
:10229D00827001229003B4E060109003B4E4F090DA
:1022AD0003B2F0A3F09003B5F0229003B2E0FEA3C9
:1022BD00E0FFC3EE9408EF945250239003B2E02454
:1022CD0001FEA3E03400FF9003B2EEF0EFA3F0C3E4
:1022DD00EE9408EF945240069003B57401F02290ED
:1022ED0003B47401F022AF82BF01028005BF021456
:1022FD00800B9003B5E024FFE433F58222A201E4C4
:10230D0033F5822275820022122DF2AF82C00712A0
:10231D0022F3E582D0077007BF0101220222EC9063
:10232D0003B5E4F0BF0203048001E4B40100E4331B
:10233D00FFC0071223EC1251F5122DF6D0078F8234
:10234D00122917122DFC1251FB1223EF0222EC90D1
:10235D0003B67401F09003B7E4F00229C3D310AFB4
:10236D0001C3C0D09003B8E0FEA3E0FFD0D092AF80
:10237D008E828F83227582001229D81216B5900392
:10238D00B8E0FEA3E0FF9003B874012EF0E43FA384
:10239D00F0227582011229D812895DE4C0E0900304
:1023AD0076F5F0125492AF821581C00712895CD078
:1023BD00078F8202229C9003B6E0600C9003B6E476
:1023CD00F09003B7F002238212239F9003B7E0240D
:1023DD0001FFF0BF010040069003B67401F0220228
:1023ED0029ED0229F0C2AF53A9FD90FF80E47F12C1
:1023FD00F0A3DFFCF5E2F5E3F5E47904E9440060D0
:10240D00237A017BBE7CA07D017E0C8C838B82E4C4
:10241D0093A3AB82AC838E838D82F0A3AD82AE830A
:10242D00D9E9DAE775820022AE82AF83BE0005BF1F
:10243D000003801A0F801300000000000000000050
:10244D0000000000000000000000DEEBDFE922AE1E
:10245D0082AF83EE4F7001228E828F83022435AEC0
:10246D0082AF838E048F051EBEFF011FEC4D601FD2
:10247D007D00BD040050EC75B1009000FAC007C09E
:10248D0006C00512245CD005D006D0070D80E322CE
:10249D00C2AF75F0A5745A02FF00758F012290032B
:0524AD00BAE5B1F022C8
:030137007508FF49
:1024B20075080253A8FB3275080353A8F732750852
:1024C2000453A8EF3275080553A8DF327508065386
:1024D200A8BF3275080953A9FB3275080A53A9F738
:1024E2003275080B53A9EF32C016858116AF82D31D
:1024F20010AF01C3C0D0EF60027401FF8FA77F004D
:10250200E51624F9F8C3EF96502E8F06E51624FC43
:10251200F886040886057B00EE2CFCEB3DFDE516F3
:1025220024FAF8EF26FBE40836FE8C828D83E493CE
:102532008B828E83F00F80C875A700D0D092AFD067
:102542001622C016858116AF82D220D310AF01C3E6
:10255200C0D0EF60047F0180027F008FA77F00E57B
:102562001624F9F8C3EF9650388F06E51624FCF8C6
:1025720086040886057B00EE2CFCEB3DFD8C828DEB
:1025820083E493FEE51624FAF8EF26F582E4083692
:10259200F583E0FDEEB505028004C22080030F80C2
:1025A200BE75A700D0D092AFA220E433F582D01638
:1025B20022C016858116AF8275B100D310AF01C358
:1025C200C0D08FA7E51624FCF80886F7E51624FC90
:1025D200F886FBE51624FAF886FCE51624FBF88655
:1025E200F275F30575F40A75F50975F60600000033
:1025F200000075F70075A700D0D092AFD01622C0A8
:10260200168581160581E58260027401FFA816080D
:10261200A6077E00E51624F9F8C3EE965043E516A8
:1026220024FAF8EE26F582E40836F583E0FD8E04FE
:10263200E51624FCF886020886037F00EC2AFAEFEE
:102642003BFBC006C005746EC0E0C002C003A81602
:102652000886821225B3E58124FCF581D0060E801E
:10266200B31581D01622C016858116E582600274E8
:1026720001FFE4C0E074E6C0E0E51624FCF8E6C021
:10268200E008E6C0E08F821225B3E58124FCF581E3
:10269200D0162275B20875BC027E007F00C3EE948C
:1026A20020EF944E5011E5BC030354017009F5B1BB
:1026B2000EBE00E90F80E643BC0143B204227F0054
:1026C200BFC8005004000F80F722D310AF01C3C06F
:1026D200D043B20843BC0275B1001226C075BC03D8
:1026E20075B20C75B100D0D092AF22C0168581169A
:1026F200C082C083C0F0E51624FDF8E624EF403224
:102702007C00E51624FDF8C3EC965026EC2420FA52
:10271200E43411FBA81608EC26FDE40836FE088610
:10272200078D828E838FF0128C5E8A828B83F00CEF
:1027320080D0851681D01622C016858116C082C02F
:1027420083C0F0E51624FDF8E624BF40327C00E5A4
:102752001624FDF8C3EC965026EC2480FAE43411DA
:10276200FBA81608EC26FDE40836FE0886078D82D3
:102772008E838FF0128C5E8A828B83F00C80D085E0
:102782001681D016227F00BFFF005015E59930E276
:102792001075B100900028C00712245CD0070F808A
:1027A200E6227F00BFFF005015E59A30E21075B1B6
:1027B20000900028C00712245CD0070F80E6227523
:1027C200960075945F7595117591C043A9012275A4
:1027D200960053913B53A9FE22C016858116AD8205
:1027E200AE83AFF0C007C006C005122787D005D060
:1027F20006D007E51624FDF8E6C0E08D828E838FB1
:10280200F01226ED1581539CE0E51624FDF8E64210
:102812009C439904D01622C016858116AD82AE83E0
:10282200AFF0C007C006C0051227A4D005D006D05D
:1028320007E51624FDF8E6C0E08D828E838FF01244
:10284200273A1581539D80E51624FDF8E6429D4303
:102852009A04D016222222C024C0E0C0F0C082C056
:1028620083C007C006C005C004C003C002C001C0C7
:1028720000C0D075D000AF86AEA7D204C007C00694
:102882001205F5D006D0078EA78F86D0D0D000D003
:1028920001D002D003D004D005D006D007D083D017
:1028A20082D0F0D0E0D0240200B422E5827004434A
:1028B20091012202029253B2FB53BCFE53BCFD5360
:1028C200B2F722AF8243948553927AEF700475A9CE
:1028D200012275A900538FFE2200758E554387028F
:1028E20000000000000022AF825392FD5391FE903F
:1028F20003BBE060084391029003BBE4F0EF700970
:1029020075945F43A901C20122438F019001F41221
:10291200245C02024DAF82C0071228AD1228B8D043
:10292200078F82C0071228C575B1009003BBE4F07F
:102932001228DB1226CCD0078F820228E9C024C0DD
:10294200E0C0F0C082C083C007C006C005C004C09A
:1029520003C002C001C000C0D075D00012299B90F4
:1029620003BB7401F0D0D0D000D001D002D003D08C
:1029720004D005D006D007D083D082D0F0D0E0D0EA
:10298200240200B49003BBE0B401009220B3E4330C
:10299200FF9003BBE4F08F822275E8002212299B8C
:1029A20075BAF375B640D2A922C2A902299BAE829A
:1029B200AF83C2CA8F058DCB8ECA8DCD8ECCD2CAC3
:1029C20022C2CA75C80075C90090FCDF1229B0C2C4
:1029D200CFD2A8D2CA22E58270067E377FFF80045A
:1029E2007EDF7FFC8E828F830229B0C2A822D2A80A
:1029F20022C024C0E0C0F0C082C083C007C006C0AD
:102A020005C004C003C002C001C000C0D075D00020
:102A1200C2CF1223C3D0D0D000D001D002D003D075
:102A220004D005D006D007D083D082D0F0D0E0D039
:102A3200240200B432C016858116AE82AF837D00B7
:102A42007C00E51624FDF8C3EC96500EEC2EF582C0
:102A5200E43FF583E02DFD0C80E88D82D01622AF95
:102A620082C0077403C0E074BCC0E07403C0E0E439
:102A7200C0E074ECC0E07582001224EAE58124FB18
:102A8200F581D0079003BCE0FEBE5A119003BDE071
:102A9200FEBEA5099003BEE0B507028004C22080F5
:102AA20002D220A220E433F58222C016858116AE1E
:102AB20082AF83E51624FDF88682C007C006122A7B
:102AC20061E582D006D0077005F582022B4FC00760
:102AD200C006E51624FDF8E6C0E0C006C007740390
:102AE200C0E074ECC0E07582001224EAE58124FBA8
:102AF200F581E51624FDF886057C0074032DFD742E
:102B0200EC3CFC7401C0E074BCC0E07403C0E0C0E3
:102B120005C0047582001224EAE58124FBF581D008
:102B220006D0079003BCE0FDC005E51624FDF8E6DB
:102B3200C0E08E828F83122A37AF821581D005EDD5
:102B4200B50703D38001C39220E433F582D0162265
:102B5200C016858116AE82AF83E51624FDF8868203
:102B6200C007C006122A61E582D006D0076030C0D5
:102B720007C006E51624FDF8E6C0E0C006C00774EB
:102B820003C0E074ECC0E0758200122544AD82E51A
:102B92008124FBF581D006D007ED6003022C5BC0D7
:102BA20007C006E4C0E074ECC0E07582001226683B
:102BB200158115819003BC745AF09003BDF4F09016
:102BC20003BEE51624FDF8E6F07403C0E074BCC051
:102BD200E07403C0E0E4C0E074ECC0E0758200126F
:102BE2002601E58124FBF581D006D007C007C00687
:102BF200E51624FDF8E6C0E0C006C0077403C0E095
:102C020074ECC0E0758200122601E58124FBF58197
:102C1200D006D007E51624FDF8E6C0E08E828F8349
:102C2200122A37AF8215819003BCEFF0E51624FD1E
:102C3200F886077E0074032FFF74EC3EFE7401C019
:102C4200E074BCC0E07403C0E0C007C00675820037
:102C5200122601E58124FBF581D0162243B02D43D3
:102C62008887E5C075C0FF22E582FF24F05001226B
:102C7200EF2F902C7873801E801F8020802180226D
:102C82008023802480258026802780288029802A0E
:102C9200802B802C802DC2C022C2C122C2C222C27D
:102CA200C322C2C422C2C522C2C622C2C722C2884D
:102CB20022C28922C28A22C28F22C2B022C2B22278
:102CC200C2B322C2B522E582FF24F0500122EF2FC7
:102CD200902CD673801E801F80208021802280232A
:102CE200802480258026802780288029802A802BA6
:102CF200802C802DD2C022D2C122D2C222D2C322A3
:102D0200D2C422D2C522D2C622D2C722D28822D28D
:102D12008922D28A22D28F22D2B022D2B222D2B336
:102D220022D2B522E5F8C313FF530707E5885418EA
:102D320042074307E0C0071238BDD0078F822253F3
:102D420090C05398C053A0C022758004759000753E
:102D5200980075A00075B06D75888775C0FF75F80D
:102D62001075E10475E23F75E33F75E43F75E56F69
:102D720075E68775E7FF75D17075E9F875EA3F75F5
:102D8200EB3F75EC3F75ED6F75EE9F75EFFF75D9F3
:102D9200DF758C0575A500758C4575A600758C854B
:102DA20075BB00758CC5758D00758C0022022D4B8C
:102DB200122D4B758200122C6A7F007E00BE10001D
:102DC200501D75B1009001F4C007C00612245C12B8
:102DD2002D26E582D006D00720E0010F0E80DE7599
:102DE2008200C007122CC8D007BF100302249D2204
:102DF200758200227582100251D47582100251DB55
:102E0200900238E0F582025E5B900386E0B4010036
:102E12009220B3E433F582125E5102132212491753
:102E2200E582B401009220E433F58222121E43E5CA
:102E32008270069003857401F0900385E0F582129A
:102E42004925124917E582B401009220E433F58244
:102E520022122E0B1236F21237D7123BA112491749
:102E6200E582700353A9BF22900386E4F0900385A4
:102E720004F0028567900386E024FE5005900386E5
:102E8200E4F01285E6122E0B900385E0F5820249EA
:102E920025A2B4B392FE123702AE82AF839003BF73
:102EA200E0FCA3E0FDEEC39CFCEF9DFDC3EC940AA5
:102EB200ED94005001229003BFEEF0EFA3F0124A0E
:102EC200A4124917E582B40100B39220A2FFB39283
:102ED20021E433FFA2B4E433FEA220E433C0E0C015
:102EE200078E82123E2B15811581024DF090033A16
:102EF20075F000121C87121CFA021805900386E076
:102F0200600B900386E4F0122EEF122E0B128567EF
:102F1200021E9D9003C1E0F58222C016858116AE85
:102F220082AF839003C47401F0E51624FDF8E6C075
:102F3200E08E828F8312157415819003C4E4F0D061
:102F420016229003C2E0600F9003C2E4F0C0E0904A
:102F520000E5122F1C158122E58260089003C3E46C
:102F6200F0022F449003C1E060069003C37401F0A5
:102F720022C016E581F5162404F581AF82E51624F8
:102F8200FDF8E670030230D0900386E0B40100B38E
:102F92009220C007C024122F15AE82D024D007A2DF
:102FA20020E433B50631EF75F002A424C9FD7403A1
:102FB20035F0FE8F037C00743A2BFBE43CFC8D82DF
:102FC2008E83EBF0ECA3F07401C0E08B828C831251
:102FD2002F1C158102315F302018EF75F002A424F6
:102FE200F7F582749035F0F583E493FDA3E493FE44
:102FF2008016EF75F002A4240FF582749135F0F576
:1030020083E493FDA3E493FEE5162403F8A60508E2
:10301200A606EF75F002A424C9FB740335F0FC8BFD
:10302200828C83E5162403F8E6F008E6A3F0E516A1
:103032002403F88605088606BD0106BEF003ED806E
:1030420001E4FF7006BD025DBEF05A9003C7E0FACC
:1030520004F0EA702CC007121CD8AA82D007EA0337
:10306200035401B4010092209003C8E433F03020ED
:1030720010C0077401C0E09000E2122F1C1581D02D
:1030820007EF60047A2B80027A29A81608A60208A4
:1030920076007401C0E0A816088682088683122F83
:1030A2001C15818026E5162403F8E60846601C8D6F
:1030B2000274804EFE8B828C83EAF0EEA3F0E5165A
:1030C2002403F8868208868312022102315FEF759B
:1030D200F002A424C9FE740335F0FF8E828F83E0D0
:1030E200FCA3E0FD8E828F83E4F0A3F08C068D07B3
:1030F200BE0106BFF003048001E4FB7006BE02417C
:10310200BFF03EEB60047F2B80027F29E4FEC0E02B
:103112008F828E83122F1C15819003C7E0FFE0601F
:103122003CEF149003C7F0E070339003C8E0602DC9
:103132009003C8E4F0C0E09000E2122F1C158180D9
:103142001CED30E7089000001202218010EC4D6067
:103152000CE4C0E08C828D83122F1C1581851681B0
:10316200D01622C016858116AE82AF83E51624FDE5
:10317200F8E66027C007C00612371A124917E5821F
:10318200D006D0076015C007C006123E03E582D004
:1031920006D00760067582000234C88E048F05BC13
:1031A2002A47BD0044E51624FDF8E66023C007C0A7
:1031B20006C005C004122E02E582D004D005D00656
:1031C200D007600C9003E17401F07582000234C8EC
:1031D200E51624FDF8E670119003E1E0600B900320
:1031E200E1E4F07582000234C89003C4E060030297
:1031F2003368BCE534BD0031E51624FDF886039042
:1032020003C1EBF09003C3E4F0EB60099003C274D6
:1032120001F00232AE9003C2E060089003C2E4F013
:103222000232AE7582000234C8BC4720BD7E1DE565
:103232001624FDF886039003C1EBF0EB70089003AF
:10324200C3E4F0122F447582000234C8E51624FD4F
:10325200F8E660589003C3E06052C3EC9404ED9426
:1032620000404974A49CE49D40429003C3E4F09062
:1032720003C1E06037C007C006C005C004122E02B9
:10328200E582D004D005D006D00770209003C27426
:1032920001F0C007C006C005C004C0E09000E512FE
:1032A2002F1C1581D004D005D006D007E4BC35040C
:1032B200BD000104FB6078E51624FDF8E66070C0ED
:1032C20007C006C005C004C003122E02E582D00367
:1032D200D004D005D006D0076055C007C006C0058F
:1032E200C004C003122F15E582D003D004D005D04C
:1032F20006D007603A9003C57401F0121CD8E5822B
:10330200035401B4010092209003C6E433F030204C
:103312000C7401C0E09000E1122F1C15817401C0F1
:10332200E0900035122F1C15817582000234C8EB23
:103332006034E51624FDF8E6702C9003C5E06026A3
:103342009003C5E4F0C0E0900035122F1C15819067
:1033520003C6E0600BE4C0E09000E1122F1C15816F
:103362007582000234C8BC1950BD004DE51624FD1B
:10337200F8E6602CC007C006C005C004122E02E5A4
:1033820082D004D005D006D00760159003E2740104
:10339200F09003E1E06003122EFE7582000234C851
:1033A200E51624FDF8E670119003E2E0600B90034D
:1033B200E2E4F07582000234C8C007C006C005C04E
:1033C20004E51624FDF8E6C0E08E828F831287584A
:1033D200AB821581D004D005D006D007EB7005F57D
:1033E200820234C8C3EE9441EF947E50030234C586
:1033F200C374549E747E9F50030234C5EC24BFFBF9
:10340200240A83F582EB241883F583E4738D8D51AE
:10341200666666C53737373737373737373737371F
:103422007E34343434343434343434343434343410
:1034320034343434348E03EB24B8FBE51624FDF81F
:10344200E6C0E08B82122F7315817582008077E5CA
:103452001624FDF8E6C0E0758200124B2415817532
:103462008200806274BD2EFEE51624FDF8E6C0E0FF
:103472008E82124B241581758200804AE51624FD46
:10348200F88682126110758200803BE51624FDF8F1
:10349200E6602B900386E0FFE4BC4204BD7E01049B
:1034A200FE60027401FDEFB505028012EE60027447
:1034B20001900386F0122EEF122E0B121E9D7582C2
:1034C200008003758201D01622AE82AF83C007C08E
:1034D20006124917E582D006D00770078E828F83C5
:1034E2000202B78E828F830245B2AE82AF83C007DB
:1034F200C006124917E582D006D00770078E828F68
:10350200830202DD22AE82AF83C007C006124917D2
:10351200E582D006D00770078E828F830203038E66
:10352200828F8302465512491712481E124BB91256
:103532004917E5827003200104C2208002D220A232
:1035420020E433F582125227124917E582600122E4
:10355200C2207F00BF1000502CEF2417F582E43404
:1035620002F583E0FEEF24E3F582E43403F583E021
:10357200F45E6002D220EF24E3F582E43403F583A3
:10358200EEF00F80CF2001069003F3E4F0229003C7
:10359200F3E0701A9003F37401F0C02412236AE579
:1035A200828583F0D0249003F4F0E5F0A3F030207C
:1035B2002212236AAE82AF839003F4E0FCA3E0FD03
:1035C200EEC39CFEEF9DFFC3EE9408EF9400400310
:0435D200020370225E
:1090F70070006F009F02A00200000000B600CD00C4
:10910700B500E200EA00E90070006F0001F002F02C
:1091170023028A01B600CD00B500E200EA00E900AB
:1035D600C0E0C0F0C082C083C007C006C0D075D0AE
:1035E6000053DADF9003F6E0FEA3E0FF9003F674E3
:1035F600012EF0E43FA3F0E50904F509100402806A
:10360600099003FCE4F0A3F080239003FCE0FEA302
:10361600E0FFBEFF05BFFF0280139003FCE0FEA3A0
:10362600E0FF9003FC74012EF0E43FA3F09003F852
:10363600E02401FEA3E03400FF9003F8EEF0EFA3D0
:10364600F0C3EE94E9EF9403402A9003F8E4F0A364
:10365600F09003FAE0FEA3E0FFBEFF05BFFF028085
:10366600139003FAE0FEA3E0FF9003FA74012EF034
:10367600E43FA3F0E50F6012E50F14F50F700B2081
:10368600050853E1FBD28285091030B750E50A6080
:103696004CD310AF01C3C0D074FE250C4038E50BE7
:1036A6002443F582E43404F583E50AF0E50C04F5D9
:1036B6000CE50B04FF8F0BBF0303750B00E50B75C1
:1036C600F002A42427F582749135F0F583E493F58E
:1036D6000DA3E493F50E750A00D0D092AFD0D0D0EA
:1036E60006D007D083D082D0F0D0E03275DA0375E9
:1036F600DE0B75DDB875DAC343A92022D310AF01FE
:10370600C3C0D09003F6E0FEA3E0FFD0D092AF8E08
:10371600828F8322D310AF01C3C0D09003FAE4F0A6
:10372600A3F09003F8F0A3F09003FCF0A3F0D0D040
:1037360092AF22D310AF01C3C0D09003FCE0FEA32A
:10374600E0FFD0D092AF8E828F8322D310AF01C319
:10375600C0D09003FAE0FEA3E0FFD0D092AF8E82F5
:103766008F8322C0E0C082C083C007C0D075D0005E
:1037760010D802801B74E9250A4040E50A250DF59C
:1037860082E4350EF583E5AAF0E50A04F50A802BF6
:1037960010D9028026C3E5119512400CC205850991
:1037A6001053E1FBD2828013E51104F511E51124D3
:1037B60047F582E43404F583E0F5AAE5D854E060E1
:1037C6000353D81FD206D0D0D007D083D082D0E002
:1037D6003253A9BF75AD0075AE0075AF0075D80040
:1037E60075D85075ADFF75AEFB75AF0CC2D9C2D892
:1037F60043874043B54043B940C205AF091F1F8FF9
:1038060010750A00750B00750C00900446E4F075FF
:103816000DFE750E0343A9402253A9BF53D8BF22FC
:10382600C28243E104C28222123826750F02123781
:1038360002E5828583F0900467F0E5F0A3F022C0EC
:10384600E0C007E5826016FF0000000000000000EF
:103856000000000000000000000000DFEBD007D0F1
:10386600E022E509C39510FFBF0200B39220E433BE
:10387600F582227F00BF28005016C007123868E57F
:1038860082D007700BF5B17582641238450F80E55A
:1038960022AF82BF01028013BF0202800ABF030269
:1038A600800DBF090E800475823C2275821E22752A
:1038B60082162275820A2230B750E50A604CD31070
:1038C600AF01C3C0D074FE250C4038E50B2443F588
:1038D60082E43404F583E50AF0E50C04F50CE50B07
:1038E60004FF8F0BBF0303750B00E50B75F002A4F5
:1038F6002427F582749135F0F583E493F50DA3E45E
:1039060093F50E750A00D0D092AF2220B70122D3CC
:1039160010AF01C3C0D030B745E50A604174FE253B
:103926000C4038E50B2443F582E43404F583E50ABC
:10393600F0E50C04F50CE50B04FF8F0BBF030375D4
:103946000B00E50B75F002A42427F582749135F07F
:10395600F583E493F50DA3E493F50E750A00D0D034
:1039660092AF22C016858116AF827E557D008F04E8
:10397600EC14FBC3ED9B5013ED2447F582E43404AD
:10398600F583E0FBEEC39BFE0D80E3EC14FF33955D
:10399600E0FDEF2447F582ED3404F583EEF0E516FD
:1039A60024FDF8E66007C004123911D004D205C020
:1039B60004123826D004E51624FDF8E66003750ADD
:1039C600001C8C12751100900448E0F5821238979D
:1039D600123845900447E0F5AAD01622E5A923231C
:1039E6005401600D20050A30B707123868E5827069
:1039F60004C2208002D220A220E433F58222AF82C4
:103A0600C0077420C0E0E4C0E0C0E0900447F5F0D1
:103A1600128C03158115811581D007900447740116
:103A2600F0900448EFF022C016858116AF82C007D9
:103A36001239E2E582D0077004F58280288F82125F
:103A46003A04900449E51624FDF8E6F090044AE5A8
:103A56001624FCF8E6F07401C0E075820612396996
:103A66001581758201D01622C016858116AF827D1A
:103A7600007E00C007C006C005E51624FCF8E6C0B7
:103A8600E0E51624FDF8E6C0E08F82123A2DAC82FE
:103A960015811581D005D006D007EC7044E51624B3
:103AA600FAF88603088604C007C006C005C003C02E
:103AB6000490000A12895EAB82AC8315811581D011
:103AC60005D006D007C3ED9BEE9C400575820080AD
:103AD6001375B1007582641238450DBD00950E80D0
:103AE60092758201D01622AF82900469EFF0D20758
:103AF60022300725E5A930E62020051D123868E5A5
:103B0600826016C207900469E0F582123A04E4C0A6
:103B1600E07582061239691581227E007F00300524
:103B2600178E048F05C3EC9460ED94EA500A75B1C4
:103B3600000EBE00E90F80E622C016858116AF8210
:103B4600C007123B20123879758209123A04D00751
:103B5600900449EFF090044A740FF07F00BF0F0005
:103B660050248F06EE24042447FEE43404FDE516B3
:103B760024FCF8EF26F582E40836F583E4938E827A
:103B86008D83F00F80D77401C0E0758220123969E9
:103B9600158190002012246CD01622742DC0E0747A
:103BA60091C0E0758200123B3F15811581743CC0BF
:103BB600E07491C0E0758201123B3F1581158102C8
:103BC6003B20C20CC20D22C016858116AF82300C76
:103BD6000B900470E06005EF70028011D20C900427
:103BE60070EFF0E51624FDF8900471E6F0D0162289
:103BF600C20890046D7406F090047474FFF02230CD
:103C06000C311239E2E582602A900471E0C0E0903E
:103C16000470E0C0E0758201123A2D15811581C24B
:103C26000C123702E5828583F0900472F0E5F0A36A
:103C3600F0D20D22A20AE433F5822290046BE0F55D
:103C4600822290046AE0F58222A208E433F58222F9
:103C5600A20BE433FFC20B8F8222A209E433F58262
:103C66002290046CE0F58222C20A22900C03E0FE48
:103C7600A3E0FFC3EE94CBEF9402500475820022BA
:103C8600EE2435FEEF34FDFF7D007C00C006C00744
:103C9600C005C00490000AE4F5F0128CE8AC82ADD1
:103CA60083AEF0FFE58124FCF5817416C0E0E4C024
:103CB600E0C0E0C0E08C828D838EF0EF128AE6AC25
:103CC60082AD83E58124FCF5818C068D07C3EE94D5
:103CD60064EF9400922040047F6480028C078F82F8
:103CE60022123C71AF82900474E0FEBEFF0790047E
:103CF60074EFF0D20E200F03023D90900476E4F0AC
:103D0600900474E0FEC39F504EEFC39EFD90047571
:103D1600E02401F08D0475F00AEC8490914B93FC3D
:103D2600900475E0C39C4044900475E4F0900474DC
:103D3600EE04F0BD14004005900474EFF090047496
:103D4600E0FDBD640E3010047D6380027D64900446
:103D560074EDF0D20E8015900475E4F0EEC39FFE6C
:103D6600BE14004007900474EFF0D20E301001220A
:103D7600900474E0FEBE5F00500122EE249C5001C8
:103D8600229004747464F0D20E22900475E4F090CC
:103D96000474E0FEC3EF9E4016900476E4F0EFC391
:103DA6009EFDBD1E004041900474EFF0D20E22EE3F
:103DB600C39FFD900476E02401F08D0475F00AECB3
:103DC6008490914B93FC900476E0C39C401A900437
:103DD60076E4F0EE6006EE14900474F0BD1E00402A
:103DE60005900474EFF0D20E22900474E0FFBFFF3A
:103DF60007123C71AE8280028F068E8222A211E4E7
:103E060033F58222A20FE433F58222A210E433F5C1
:103E16008222A212E433F58222900C03E0FEA3E094
:103E26008E82F58322C016858116E582601790047E
:103E360077E0FFBFFF028006900477EF04F090045E
:103E460078E4F08015900477E4F0900478E0FFBF02
:103E5600FF028006900478EF04F0900477E0FFBF3D
:103E660003004005200F02D20F900478E0FFBF0345
:103E760000400F100F02800A90046DE4F090047465
:103E860014F0E51624FDF8E66017900479E0FFBF0C
:103E9600FF028006900479EF04F090047AE4F08043
:103EA60015900479E4F090047AE0FFBFFF028006E3
:103EB60090047AEF04F0900479E0FFBF140040020A
:103EC600D21090047AE0FFBFC8004002C210300F43
:103ED6000CC211C21290047CE4F0023F76E516246F
:103EE600FCF8E67003023F76900C03E0FEA3E0FFC9
:103EF600C3EE94E1EF9402400330111990047BE085
:103F06002401F0E0FDBDC800401090047BE4F0D22F
:103F160011D213800590047BE4F0C374909E740361
:103F26009F501990047DE02401F0E0FDBD6400403F
:103F36001090047DE4F0C211C212800590047DE465
:103F4600F020112CC3EE940DEF9403501E90047CC8
:103F5600E0FFBFFF02800690047CEF04F090047C33
:103F6600E0FFBF18004009D212800590047CE4F0FF
:103F7600D01622A213E433F58222C21322C016857C
:103F86008116AE82AF837D557C00E51624FDF8C30D
:103F9600EC965011EC2EF582E43FF583E0FBEDC381
:103FA6009BFD0C80E58D82D01622C016858116AF4A
:103FB60082A20AE433FEBF010A90046C7406F0C2C2
:103FC6000A801FBF0217E51624FDF8E660047D028D
:103FD60080027D0190046CEDF0C20A8005BF0302E9
:103FE600D20AA20AE433FFEEB50702800812371A96
:103FF600300A02D20BD01622AE82AF83A3A3A3A3AC
:10400600E090046AF08E828F83A3A3A3A3A3E0901B
:10401600046BF074062EF582E43FF583E0FD7C0028
:1040260074072EF582E43FF583E0FA7B00900C03DB
:10403600EB4DF0EA4CA3F0D20990046EE070012239
:104046008E828F83A3A3A3E0F582121E3790046E9F
:10405600E0FFBF020790046FE0FF80027F0090043C
:104066006AE0B5070690046BE07034300D23C00794
:10407600123702AD82AE83D007900472E0FBA3E054
:10408600FCEDC39BFDEE9CFEC3ED9458EE940240FE
:1040960018C20DC007758200123BCD1581800A201B
:1040A6000805C20A12371AD20830081290046BE0CB
:1040B600FF90046AE0C0E08F82123FB01581900441
:1040C6006DE02401F0E0FFBF0600400890046DE4B7
:1040D600F0023CE722C016858116AE82AF83E0FD72
:1040E600BD0261E51624FDF8B60A0050030241BF81
:1040F6008E828F83A3E0FCBC060280030241BF745C
:10410600022EFBE43FFC8B828C83E060030241BFFE
:10411600C007C0067409C0E08E828F83123F83AC4D
:10412600821581D006D00774092EF582E43FF58307
:10413600E0FBECB5030280030241BF8E828F83123F
:104146003FFE8075BD0324123702E5828583F09019
:10415600047EF0E5F0A3F090046D7406F09004740C
:1041660074FFF07582F0123AED804EBD084BE516ED
:1041760024FDF8B616004041C007C0067415C0E01D
:104186008E828F83123F83AD821581D006D007744D
:10419600152EF582E43FF583E0FCEDB5041B8E8217
:1041A6008F83A3A3E0FF53077FBF0802800B7582AE
:1041B600F1123AED12371AC213D01622AF827E00E0
:1041C600BE06005015EE242DF582E43405F583E095
:1041D600B50704758201220E80E675820022AF8241
:1041E6007E00BE05005015EE2433F582E43405F555
:1041F60083E0B50704758201220E80E67E00BE06C6
:10420600005015EE2438F582E43405F583E0B50751
:1042160004758201220E80E6758200227F007E00F0
:10422600BE0500503EEE2433FCE43405FD8C828D41
:1042360083E0FB8C828D83E4F0EB60248B82C007E5
:10424600C006C0031241C2E582D003D006D0076083
:104256000FEF2433FCE43405FD0F8C828D83EBF0E5
:104266000E80BD7E00BE06005032EE2438FCE434DB
:1042760005FD8C828D83E0FB601F8B82C007C00624
:10428600C005C0041241C2E582D004D005D006D0D4
:104296000770068C828D83E4F00E80C97E00BE0610
:1042A60000505DEE242DF582E43405F583E0FD60D3
:1042B6004C8D82C007C006C0051241E4E582D005D8
:1042C600D006D0077037BF05005011EF2433FBE44A
:1042D6003405FC0F8B828C83EDF080217C00BC06BC
:1042E60000501AEC2438FAE43405FB8A828B83E00A
:1042F60070088A828B83EDF080030C80E10E809E2D
:1043060022AF8290052AE0FEBE06004004758200B8
:1043160022900528E075F01CA4AEF02480FDEE3452
:1043260004FE8D028E037C00C007C006C005741C07
:10433600C0E0E4C0E0C0E08A828B838CF0128C037C
:10434600158115811581D005D006D0078D828E8303
:10435600EFF0BF020280030243EAC006C005124224
:1043660022D005D00674012DFCE43EFF90052BE01B
:104376008C828F83F07F00BF0500501D8F040C0CCC
:10438600EC2DFCE43EFBEF2433F582E43405F583A3
:10439600E08C828B83F00F80DE7F00BF06005076B4
:1043A600EF2438F582E43405F583E0FC6033BC8005
:1043B60000502EC007ECC423541F24082DFBE43EF6
:1043C600FA8B828A83E0FF74075CF5F005F07401CE
:1043D600800225E0D5F0FB42078B828A83EFF0D07E
:1043E600070F80B774012DFCE43EFF90053EE08C7C
:1043F600828F83F074022DFCE43EFF90053EE0A31D
:10440600E08C828F83F074032DFDE43EFE90054020
:10441600E08D828E83F0900528E0FF7E000FBF00BE
:10442600010E7406C0E0E4C0E08F828E83128F2BEB
:10443600AE8215811581900528EEF090052AE024BC
:1044460001F07582012230140D758202124307E5D0
:10445600826012C2142230150C758203124307E5DE
:10446600826002C2152290052BE06004758200224C
:104476007F00BF06005016EF242DFDE43405FE8DA7
:10448600828E83E06004758200220F80E5758201CA
:10449600223016033014012220171212446CE582D2
:1044A60070012290052D7401F0D21780297408C07E
:1044B600E0E4C0E0C0E090052BF5F0128C03158116
:1044C60015811581C217900541E02401F0E0FFBF78
:1044D60003004002C216D21422900542E0FFE060BB
:1044E6000AEF14900542F0E06001221239E2E582FB
:1044F6007001229005427401F090052AE0700612C0
:10450600449712444C90052AE0700122900529E058
:1045160075F01CA4AFF02480FEEF3404FF8E828F6A
:1045260083E0FDBD02047D1E80027D0D900447746C
:1045360001F07C008D031B1BC3EC9B50218C030BED
:10454600EB3395E0FAEB2447FBEA3404FAEC2EF55C
:1045560082E43FF583E08B828A83F00C80D6740177
:10456600C0E08D821239691581850913900529E00D
:10457600FF7E000FBF00010E7406C0E0E4C0E08FAE
:10458600828E83128F2BAE8215811581900529EEBE
:10459600F090052AE014F090046EE0FFBF0206904A
:1045A60005427404F02212444C0244DFC016858191
:1045B60016C082C083A816088682088683E0FD900E
:1045C600052BE0F45205EDB40100B39220A81608BD
:1045D600740226FCE40836FD7B00BB060050302042
:1045E600202DEB2CF582E43DF583E0FA601ED22007
:1045F6007F00BF06005015EF242DF582E43405F543
:1046060083E0B50204C22080030F80E60B80CBA8AE
:10461600160886050886067F00C0247408C0E0E4F4
:10462600C0E0C005C006C00790052BF5F0128B70E0
:10463600E58124FBF581D024302009D216C21790DB
:104646000541E4F0D2141245AC851681D01622AE8F
:1046560082AF83E0FDBD02148E828F83A3E0FBA3AD
:10466600E0FC90053EEBF0ECA3F08043BD013F8EED
:10467600828F83A3E0FEA3E0FF8E048F05C3EC9434
:1046860081ED94009220401DC374839CE49D92208A
:104696004013EE247FF5F005F07401800225E0D585
:1046A600F0FBFF80027F00900540EFF0800122D2F0
:1046B600150245ACE582900542F02290046EE0FFBB
:1046C600BF02047F0980027F037D007E008D038E7A
:1046D60004C3EB94E8EC9403506190052AE070065D
:1046E600201403301555C007C006C00512444CD02F
:1046F60005D006D00790052AE06030C007C006C086
:10470600051239E2E582D005D006D007601DE5091D
:10471600C39513C39F4014900542E4F0C007C0063A
:10472600C0051244DFD005D006D00775B1007582EA
:10473600641238450DBD00950E80922290052AE43C
:10474600F0900529F0900528F07408C0E0E4C0E078
:10475600C0E090052BF5F0128C03158115811581AB
:104766007405C0E0E4C0E0C0E0900533F5F0128CBB
:10477600031581158115817406C0E0E4C0E0C0E030
:10478600900538F5F0128C03158115811581900579
:104796003EE4F0A3F0900540F0C216C217D214D240
:1047A6001522123702AE82AF8390047EE0FCA3E0AE
:1047B600FDEEC39CFEEF9DFFC3EE94C8EF94005040
:1047C6000122123702E5828583F090047EF0E5F03F
:1047D600A3F0E4C0E0C0E0758206123A2D158115FB
:1047E600811006028006900543E4F022900543E01E
:1047F6002401F0E0FFBF0300401A900543E4F0D324
:1048060010AF01C3C0D0C20585091053E1FBD282A7
:10481600D0D092AF22023911AF8290046EEFF0C071
:1048260007123911D007E50C606C900446E0FE24AF
:1048360043F582E43404F583E0FDEE75F002A4242A
:1048460027F582749135F0F583E493FBA3E493FC9A
:10485600EF6013C007C006C0058B828C831240DB55
:104866001581D006D007D310AF01C3C0D0E50C1414
:10487600F50CD0D092AF8E047D000CBC00010DBCAF
:104886000307BD00047C0080060EEEFC3395E09025
:104896000446ECF08090EF700122123AF7123C05C4
:1048A600300E221239E2E582601B900474E0FFBFED
:1048B600FF028011C20EE4C0E0C00775820D123AF5
:1048C6002D15811581123702AE82AF83900467E001
:1048D600FCA3E0FDEEC39CFEEF9DFFC3EE9402EF4A
:1048E6009400401E123702E5828583F0900467F03B
:1048F600E5F0A3F01245AC1247A820050553E1FBED
:10490600D28222E58290046FF022E58290046EF056
:01491600227E
:10912700FE0315042C0441554C4120463635204298
:1091370054352E302041554C412046363520425477
:10914700332E3020140A0502020202020202020232
:02A0C000A603F5
:10491700900544E0F58222900545E0F58222E58284
:10492700FFC4540FFE530603900544EEF0EE24FD3A
:104937005005900544E4F0530703900545EFF0EF69
:1049470070069005457401F0900545E0F58202492F
:1049570009900544E0C454F0FF900545E0420790F4
:104967000385EFF0021E9D53A9FE53913F90020D60
:10497700E4F022E59154C0600953913F900014126E
:10498700246C02024D1247421246C19000060224CF
:104997006CC016858116AF82E51624FDF8E6C0E0E7
:1049A7008F82123BCD1581123BF6D01622123BC8DF
:1049B700124B21123C6E12498C7414C0E0E4C0E023
:1049C700C0E0C0E075820E123A6EE58124FCF581E5
:1049D70090000612246C7414C0E0E4C0E0C0E0C08C
:1049E700E075820B123A6EE58124FCF58190000692
:1049F70012246C123B20900544E4F07582001249A2
:104A07001053A9BF12497A90008012246C1249589A
:104A170012371A023F80AF82900544E0700DC0073D
:104A270012474290000D12246CD007900544E0B560
:104A3700070122900544EFF0E4BF020104FE601570
:104A4700900545E0FDBD01004005ED24FC500690B2
:104A570005457401F0900545E0F582C007C00612D0
:104A67004909D006D0078F82C006124910123BC8E9
:104A7700124B2143A94012496E12498CD006EE60B1
:104A870007900545E0FF80027F00C007758200128E
:104A97004998158112495812371A023F802085120A
:104AA700900547E02401F0900548E4F0900546F0B2
:104AB7008025208412900548E02401F0900547E402
:104AC700F0900546F08010900546E02401F090052F
:104AD70047E4F0900548F0900546E0FFBF0A004024
:104AE7000E900546E4F0900544E0602D0249B4902D
:104AF7000547E0FFBF0A00400B900547E4F07582C9
:104B070001024A1D900548E0FFBF0A00400B9005CF
:104B170048E4F0758202024A1D22C21822C0168597
:104B27008116E582FF7028E51624FDF8E6601C90E3
:104B37000544E0FEBE0116123702E5828583F09038
:104B47000549F0E5F0A3F0D2188064C2188060E54B
:104B57001624FDF8E6603D900544E0FEBE02509045
:104B67000545E0FEEFB506028016900545EFF08F8C
:104B77008212490943A94012496E12474212495805
:104B8700123702E5828583F0900549F0E5F0A3F03E
:104B9700D218801B900544E0FFBF021130180E9019
:104BA7000545E0C0E07582001249981581C218D00A
:104BB7001622900544E07003C2182230181F1237DE
:104BC70002AE82AF83900549E0FCA3E0FDEEC39CF3
:104BD700FEEF9DFFC3EE94B8EF940B500122C2186D
:104BE700123C6E12498C900544E0FFBF020F9005FE
:104BF70045E0C0E0758201124998158122BF010B7B
:104C0700E4C0E0758201124998158122E58224FFEC
:104C1700922053D1F043D90F53E6E743EE1875C0FE
:104C27000053887853B09253F8EF53801F75E7FF0E
:104C370043E68743E56D43D11043E1E030201B5342
:104C4700E9FC43E1035380FC53E90F43E1F0538050
:104C57000F53D97F43D18053F87FD2B1302002C29E
:104C6700FE2275B100C2AF75B60075E80075BA00CF
:104C770053A8FD43B20843BC0290002812245C7578
:104C8700B10075BC0375B20C5392FD5391FE22001F
:104C9700758E5543870200000000000022758210C0
:104CA7001251D412498C90008012246C90000D127E
:104CB700246C123C3AE582701A7414C0E0E4C0E038
:104CC700C0E004C0E075820B123A6EE58124FCF562
:104CD7008180377414C0E0E4C0E07407C0E004C00A
:104CE700E075820C123A6EE58124FCF58190000D87
:104CF70012246C7414C0E0E4C0E0C0E0C0E0758228
:104D07000B123A6EE58124FCF58190000D12246C9C
:104D1700123B2012381FC2AF1223EC53913F75820A
:104D270001124C1375E80075BAF375B64043A80233
:104D3700D2AF43910153B2FB53BCFE53BCFD53B2F8
:104D4700F743948553927A75A90053913B538FFE8D
:104D5700122986124C96124C69122986E582600345
:104D6700439102438F019003B612245C75B1001280
:104D77002D4BD2AF1223EF1236F21237D712382E3D
:104D87007582081246BA90000D12246C12371A1257
:104D97003F8002520D7582101251D4C2AF1223EC1C
:104DA700758200124C1375E80075BAF375B6404367
:104DB700A802D2AF43910153B2FB53BCFE53BCFDD3
:104DC70043948553927A75A901124C96124C691235
:104DD7002D4BD2AF1223EF1236F21237D753A9BF9A
:104DE70012497A12371A02520D123751AE82AF8327
:104DF700900544E0701B120390E582701312373957
:104E0700AC82AD83C3EC9411ED94274003024D9C13
:104E170022C007C006123F79E582D006D00760039B
:104E2700024CA4C007C006123C41AD82D006D00791
:104E3700BD03067C3C7D008025C007C006123C6789
:104E4700AB827A00C003C00290000A12895EAA8270
:104E5700AB8315811581D006D0078A048B05EC4DED
:104E6700600F0CBC00010DC3EE9CEF9D4003024C8C
:104E7700A422C016858116E58275F003A4FFE51606
:104E870024FDF8E62F90915793FF7E008F828E8343
:104E9700D0162290FF807401F090FF81F090FF827E
:104EA700F090FF83F090FF84F090FF85F090FF86ED
:104EB700F090FF87F090FF88F090FF89F090FF8ACD
:104EC700F090FF8BF090FF8CF090FF8DF090FF8EAD
:104ED700F090FF8FF090FF90F090FF91F0122D412E
:104EE70075C0FF43888743B06D43F8102290FF8158
:104EF7007408F090FF82F090FF83F090FF84F090A9
:104F0700FF85F090FF9C03F090FF9874B0F090FF3E
:104F1700B8E4F090FFA074C3F090FFE8E4F090FFCE
:104F2700D074C3F090FFB9E4F090FFA174C4F0907F
:104F3700FFE9E4F090FFD174C4F090FFBAE4F09079
:104F4700FFA274C5F090FFEAE4F090FFD274C5F0B9
:104F570090FFBBE4F090FFA374C0F090FFEBE4F088
:104F670090FFD374C0F090FFBCE4F090FFA474C12D
:104F7700F090FFECE4F090FFD474C1F090FFBDE433
:104F8700F090FFA574C2F090FFEDE4F090FFD574A8
:104F9700C2F090FF877408F090FF88F090FF89F0C7
:104FA70090FF8AF090FF8BF090FF9D03F090FF99A0
:104FB70074B0F090FFBEE4F090FFA674BAF090FFD3
:104FC700EEE4F090FFD674BAF090FFBFE4F090FFE4
:104FD700A774BBF090FFEFE4F090FFD774BBF0909D
:104FE700FFC0E4F090FFA874BCF090FFF0E4F090ED
:104FF700FFD874BCF090FFC1E4F090FFA974BDF036
:1050070090FFF1E4F090FFD974BDF090FFC2E4F097
:1050170090FFAA74BEF090FFF2E4F090FFDA74BE3E
:10502700F090FFC3E4F090FFAB74BFF090FFF3E4A0
:10503700F090FFDB74BFF090FF8D7408F090FF8E47
:10504700F090FF8FF090FF90F090FF91F090FF9E0F
:1050570003F090FF9A74B0F090FFC4E4F090FFACB7
:1050670074B4F090FFF4E4F090FFDC74B4F090FFB8
:10507700C5E4F090FFAD74B5F090FFF5E4F090FF54
:10508700DD74B5F090FFC6E4F090FFAE74B6F09013
:10509700FFF6E4F090FFDE74B6F090FFC7E4F090FF
:1050A700FFAF74B7F090FFF7E4F090FFDF74B7F04D
:1050B70090FFC8E4F090FFB074B8F090FFF8E4F008
:1050C70090FFE074B8F090FFC9E4F090FFB174B9B5
:1050D700F090FFF9E4F090FFE174B9F090FF80746D
:1050E70089F090FF86F090FF8CF0227515017514FA
:1050F700007F00BF100040030251C2EF75F024A4E7
:10510700244BFD740535F0FE7C00BC12005024ECE6
:105117002C2DF582E43EF583E4F08C03EB2BFB0B9F
:10512700EB2DFBE43EFAEC909157938B828A83F048
:105137000C80D7EF248BF582E43407F583E4F0EF96
:1051470075F003A4249BFD740735F0FE8D828E83D2
:10515700E4F08D828E83A3F08D828E83A3A3F0EF7C
:1051670075F006A424FEFD740835F0FEEF75F01205
:10517700A424CBFB740735F0FC7A00BA0600502B49
:10518700EA2DF582E43EF58374FFF0EA75F003A497
:105197002BF8E43CF988828983E4F088828983A329
:1051A700F088828983A3A3F00A80D0EF24EBF582ED
:1051B700E43408F583E4F00F0250FA90095EE4F056
:1051C70090095FF0900960F02285158222E58242FE
:1051D70015024E9AE582F4521522D310AF01C3C0CF
:1051E700D0124EF4D0D092AF7582010251DB758296
:1051F700020251D47582020251DB7582040251D436
:105207007582040251DBD310AF01C3C0D0124EF434
:10521700D0D092AF7582100251DB7582200251D433
:10522700AF82E5155408B40100B392208FF0E43340
:10523700B5F00122EF60067582080251D475820825
:105247000251DBAE82AF83E090FFF5F08E828F8351
:10525700A3E090FFDDF08E828F83A3A3E090FFF49D
:10526700F08E828F83A3A3A3E090FFDCF08E828F62
:1052770083A3A3A3A3E090FFF6F08E828F83A3A35B
:10528700A3A3A3E090FFDEF074062EF582E43FF5BA
:1052970083E090FFF8F074072EF582E43FF583E092
:1052A70090FFE0F074082EF582E43FF583E090FF6D
:1052B700F7F074092EF582E43FF583E090FFDFF005
:1052C700740A2EF582E43FF583E090FFF9F0740B42
:1052D7002EF582E43FF583E090FFE1F0740C2EF5A4
:1052E70082E43FF583E090FFEFF0740D2EF582E442
:1052F7003FF583E090FFD7F0740E2EF582E43FF57B
:1053070083E090FFEEF0740F2EF582E43FF583E023
:1053170090FFD6F074102EF582E43FF583E090FFFE
:10532700F0F074112EF582E43FF583E090FFD8F09A
:1053370074122EF582E43FF583E090FFF2F07413C8
:105347002EF582E43FF583E090FFDAF074142EF532
:1053570082E43FF583E090FFF1F074152EF582E4C7
:105367003FF583E090FFD9F074162EF582E43FF500
:1053770083E090FFF3F074172EF582E43FF583E0A6
:1053870090FFDBF074182EF582E43FF583E090FF81
:10539700ECF074192EF582E43FF583E090FFD4F02A
:1053A700741A2EF582E43FF583E090FFEBF0741B4F
:1053B7002EF582E43FF583E090FFD3F0741C2EF5C1
:1053C70082E43FF583E090FFEDF0741D2EF582E453
:1053D7003FF583E090FFD5F0741E2EF582E43FF58C
:1053E70083E090FFE9F0741F2EF582E43FF583E038
:1053F70090FFD1F074202EF582E43FF583E090FF13
:10540700E8F074212EF582E43FF583E090FFD0F0B9
:1054170074222EF582E43FF583E090FFEAF07423CF
:105427002EF582E43FF583E090FFD2F022E582FF7C
:1054370024F0500122EF2F90544273801E801F806A
:105447002080218022802380248025802680278039
:10545700288029802A802B802C802DC2C022C2C19F
:1054670022C2C222C2C322C2C422C2C522C2C622CB
:10547700C2C722C28822C28922C28A22C28F22C2FE
:10548700B022C2B222C2B322C2B522C0168581168B
:105497001238BDC2CF051474EC25145003751400DF
:1054A700E515701674F025144010E514248BFEE4FE
:1054B7003407FF8E828F83E0700EE514B4010092EB
:1054C70020E433F58202554DE51475F024A4244BEE
:1054D700FE740535F0FF8E828F8312524A75C0FF26
:1054E70043888743B06D43F8108514821254349073
:1054F700FF807489F090FF817408F090FF82F0902C
:10550700FF83F090FF84F090FF85F090FF86748909
:10551700F090FF877408F090FF88F090FF89F09073
:10552700FF8AF090FF8BF090FF8C7489F090FF8DCD
:105537007408F090FF8EF090FF8FF090FF90F0903E
:10554700FF91F0758200D0162212236AAE82AF83D4
:10555700C007C006123702AC82AD83D006D00790D1
:105567000961E0FAA3E0FBEEB50206EFB50302809E
:105577001B900961EEF0EFA3F0900963ECF0EDA347
:10558700F0E51530E6297582400251DBE51520E686
:105597001E900963E0FEA3E0FFECC39EFCED9FFDB8
:1055A700C3EC9405ED940040067582400251D42265
:1055B700C016858116E58275F024A4244BFE740578
:1055C70035F0FFE51624FDF8E6FD25E02EF582E42B
:1055D7003FF583E0FB7C00ED2DFD0DED2EF582E41C
:1055E7003FF583E07E004204EE42038C828B83D03A
:1055F7001622C016858116C082E5812405F581A88B
:105607001608B610005014E51624FDF8B60600502B
:105617000AE51624FCF8B60300400302578EE51688
:1056270024FDF8E675F003A4FEE51624FCF8E62E43
:10563700FE90915793FC7D00E51624FAF8C3E69C8B
:1056470008E69D500AE51624FAF8A60408A605E51B
:105657001624FAF88602088603C3E49A74049B505A
:105667000AE51624FAF8760008760474075EF5F062
:1056770005F0A81608087401800225E0D5F0FBF6AE
:10568700A81608E675F003A4249BFA740735F0FB07
:10569700EEC423541FFFE5162403F8EF2AF6E43B74
:1056A70008F6E51624FAF8E6B5040708E6B5050294
:1056B7008021E5162403F88682088683E0FDA81674
:1056C7000808E64205E5162403F88682088683ED76
:1056D700F08020E5162403F88682088683E0FDA87B
:1056E700160808E6F45205E5162403F886820886AC
:1056F70083EDF08A828B8374012AFCE43BFDE0FF93
:105707008C828D83E042078A828B83A3A3E04207C2
:10571700EFB40100B39220E5162405F8A220E43384
:10572700F6E5162406F8A2A8E433F6C2A8A81608D8
:10573700E675F024A4244BFB740535F0FCEE2E2B04
:10574700FAE43CFDE51624FAF80886078A828D8379
:10575700EFF0EE2EFE0EEE2BFBE43CFCE51624FAF2
:10576700F886078B828C83EFF0A81608E6248BF562
:1057770082E43407F583E5162405F8E6F0E51624F8
:1057870006F8E624FF92A8851681D016227F00BF6F
:10579700100050377E00BE0600502D7D00BD03006F
:1057A7005023C007C006C005E4C0E0C0E0C005C084
:1057B700068F821255F9E58124FCF581D005D006C4
:1057C700D0070D80D80E80CE0F80C422C22090094A
:1057D70065E02401F0E0FFBF10004005900965E493
:1057E700F07F00BF12004003025875900965E0FE84
:1057F700C007C024C0078E821255B7AD82AE83158D
:1058070081D024D007EF90915793FC7B00C3ED9C88
:10581700EE9B4007E49D74049E5041D2208F068E74
:105827000575F003ED84ADF075F003EE84FE900985
:1058370065E0FCC007C024E4C0E0C0E0C005C006C6
:105847008C821255F9E58124FCF581D024900965F5
:10585700E0F582C02412587CD024D007BF090BC0C2
:1058670007C02412481BD024D0070F0257EAA220F2
:10587700E433F58222E58224EBF582E43408F583EC
:105887007401F090095FF0227F00BF10005010EF05
:1058970024EBF582E43408F5837401F00F80EB9074
:1058A700095F7401F022C016858116AF82BF100010
:1058B7005043E51624FDF8B606005039EF75F0069B
:1058C700A424FEFD740835F0FEE51624FDF8E62D48
:1058D700FDE43EFE8D828E83E0FCE51624FCF8E6AF
:1058E700B5040280108D828E83E51624FCF8E6F05D
:1058F7008F8212587CD01622AF82900960E0B507DC
:105907000122900960EFF002588FC016E581F51665
:10591700240FF581AF82E51624FDF8E6FE75F00346
:10592700A4FDE5162409F8A605EF75F006A424FEE4
:10593700FA740835F0FBEE2AF582E43BF583E0FCC8
:10594700EF75F024A4244BFA740535F0FBE5162413
:1059570009F8E625E0FEE516240AF8EE2AF6E43B08
:1059670008F6EF75F012A424CBFA740735F0FFE5BB
:1059770016240CF8ED2AF6E43F08F6A2A8E433FD56
:10598700BCFF09900960E07003025AA8BCFF047AC3
:105997000080028C028A07EF30E0067A007C0480E0
:1059A7000DE5162409F8E690915793FA7C00C2A8F2
:1059B7008C06E516240AF88682088683EEF0E5163B
:1059C700240AF8740126FBE40836FE8B828E83EAEC
:1059D700F08D02EA24FF92A8EF30E1067C007E04F6
:1059E7008010E5162409F886030BEB90915793FC7A
:1059F7007E00E516240EF8A60408A606C2A8E5163A
:105A0700240AF8740226FBE40836FEE516240EF88D
:105A17000886048B828E83ECF0E516240AF874035B
:105A270026FCE40836FEE516240EF886038C828EE3
:105A370083EBF0EA24FF92A8EF30E2067C007E04B5
:105A47008011E5162409F886030B0BEB9091579309
:105A5700FC7E00E516240EF8A60408A606C2A8E5F3
:105A670016240AF8740426FBE40836FEE516240E0D
:105A7700F80886048B828E83ECF0E516240AF87406
:105A87000526FCE40836FEE516240EF886038C820C
:105A97008E83EBF0EA24FF92A874075FF582025C1D
:105AA700ACE5162409F8E690915793FEE516240C09
:105AB700F88682088683E0FC75F003A4FAABF07FD2
:105AC70000EA2EFAEB3FFBEC75F03AA4ACF07F004E
:105AD700EC2AFAEF3BFBC2A88B07E516240AF886E7
:105AE70082088683EFF0E516240AF8740126FEE49F
:105AF7000836FF8E828F83EAF08D02EA24FF92A890
:105B0700E5162409F8E6FC0490915793FFA81608B8
:105B1700A607E516240CF8740126FDE40836FE8D69
:105B2700828E83A8160808E0F6A8160808E675F01E
:105B370003A4FBAFF0E5162403F8A60308A607A8FD
:105B4700160886037F00E5162403F8E62BF608E619
:105B57003FF6A8160808E675F03AA4AFF08F03E5FC
:105B67001624037F00E5162403F8EB26FBEF08361F
:105B7700FFE516240EF8A60308A607C2A8E5162413
:105B87000AF8E5162403F9740226F7E4083609F73C
:105B9700E516240EF8088607E5162403F88682081A
:105BA7008683EFF0E516240AF8E5162403F9740353
:105BB70026F7E4083609F7E516240EF88607E516F2
:105BC7002403F88682088683EFF0EA24FF92A80C64
:105BD7000CEC90915793FBE516240CF8E516240579
:105BE700F9740226F7E4083609F7E5162405F8865E
:105BF70082088683A9160909E0F7A8160808E6753A
:105C0700F003A4FCAFF0E5162407F8A60408A607DE
:105C17007F00E5162407F8E62BF608E63FF6A816F8
:105C27000808E675F03AA4AFF08F04E51624077F5D
:105C370000E5162407F8EC26FCEF0836FFE51624E6
:105C47000EF8A60408A607C2A8E516240AF87404E5
:105C570026FBE40836FFE516240EF80886048B8237
:105C67008F83ECF0E516240AF8740526FCE4083661
:105C7700FFE516240EF886038C828F83EBF0EA2467
:105C8700FF92A8E516240CF88682088683E0FF8D2C
:105C9700828E83E04207E5162405F886820886830C
:105CA700E042078F82851681D01622C0168581169D
:105CB70005810581058190095FE07005F582025D28
:105CC7008890095EE0FF7E10EF24EBFCE43408FDCA
:105CD7008C828D83E070148F03EB04540FFFDEE892
:105CE70090095FE4F0758200025D888C828D83E401
:105CF700F08F06EE04540F90095EF0E5162403F8C2
:105D070076007D00BD06005021C007C005C0058F85
:105D170082125911AC821581E5162403F8EC46F678
:105D270012481BD005D0070D80DAEF75F003A424C5
:105D37009BFC740735F0FD8C028D03A816087401CF
:105D47002CF6E43D08F674022CFCE43DFDE5162430
:105D570003F8E6600274FFFE8C828D83F0A81608B4
:105D67008682088683EEF08A828B83EEF0EF248B9F
:105D7700F582E43407F583E5162403F8E6F0758227
:105D870001851681D01622E582FF9008FBE0FCA36F
:105D9700E0FDA3E0FEEF75F003A424CBF582E5F068
:105DA7003407F583E0FBECF0A3E04BFBEDF0A3E059
:105DB7004BFBEEF0EF24FEF582E43408F583E0F4C4
:105DC7007057900960E07051EF75F00684C0E0E508
:105DD700F075F003A4FAEF75F006A4244BF8E5F08C
:105DE7003405F9EC125E21ED125E21EE125E21D030
:105DF700E0FFEC4D4E600EEF248BF582E43407F59F
:105E0700837401F022EB6011EF24EBF582E4340890
:105E1700F5837401F090095FF022FF75F03AA4EA68
:105E27009091579325F0CF75F003A42FFFE435F039
:105E37008882898310A806F0A3EFF08006F0A3EF0D
:0A5E4700F0D2A8A3A882A9830A22C2
:10915700B5B4B6B8B7B9BBBABCBEBDBFC1C0C2C44F
:02916700C3C57E
:105E5100E58260027401FF8F8222AF82BF0202805D
:105E610009BF03028004C2208002D220A220E433B1
:0E5E7100F58222C016858116758201D0162298
:1091690029001E001F0020002100220023002400E6
:109179002500260027002D002E002A0000004C00A3
:109189002B0014001A000800150017001C00180015
:109199000C00120013002F003000310000004B00BA
:1091A900390004001600070009000A000B000D0031
:1091B9000E000F00330034000000280000004E00AC
:1091C900E1001D001B000600190005001100100038
:1091D90036003700380000000000E50052004D005D
:1091E900E000E300E200000000002C0000000000A5
:1091F90000002252E40000000000500051004F001E
:1092090029001E001F002000210022002300240045
:109219002500260027002D002E002A0000004C0002
:109229002B0014001A000800150017001C00180074
:109239000C00120013002F003000310000004B0019
:10924900390004001600070009000A000B000D0090
:109259000E000F00330034000000280000004E000B
:10926900E1001D001B000600190005001100100097
:1092790036003700380000000000E50052004D00BC
:10928900E000E200E300000000002C000000000004
:1092990000002352E40000000000500051004F007C
:1092A9003500487E497E4A7E4B7E4C7E4D7E4E7E01
:1092B9004F7E507E517E527E537E01000000490050
:1092C9000100447E457E467E437E00000100460043
:1092D900470048000100557E577E567E0000350044
:1092E9000100417E427E01000100010001000100F0
:1092F900010001000100010000000100000001005F
:1093090001000100010001000100547E010000007C
:109319005E7E5D7E5C7E00000000477E587E4A00CE
:109329000100010001000000000001000000000030
:10933900000001000100000000005B7E597E5A7E9A
:109349003500487E497E4A7E4B7E4C7E4D7E4E7E60
:109359004F7E507E517E527E537E010000004900AF
:109369000100447E457E467E437E000001004600A2
:10937900470048000100557E577E567E00003500A3
:109389000100417E427E010001000100010001004F
:1093990001000100010001000000010000000100BE
:1093A90001000100010001000100547E01000000DC
:1093B9005E7E5D7E5C7E00000000477E587E4A002E
:1093C9000100010001000000000001000000000090
:1093D900000001000100000000005B7E597E5A7EFA
:105E7F00C016858116C082E5812408F581A8160811
:105E8F00E62466FDE43409FE8D828E8374FFF0E50F
:105E9F00162407F87600E51624FDF8E675F0A0A4A1
:105EAF002469FA749135F0FBE5162408F87600E5BD
:105EBF00162408F8B605004003025FBFA8160808AD
:105ECF007600E5162408F8E6C42354E0FCE5162412
:105EDF0003F8EC2AF6E43B08F6E5162409F87600F9
:105EEF00E5162409F8B610004003025FAAE5162450
:105EFF0009F8E626FCE5162403F8EC26F582E408FB
:105F0F0036F583E493FFA3E493FCE51624FAF8E651
:105F1F006039E5162405F8A60708A604E51624053A
:105F2F00F8C3E6942008E6945292204011E5162417
:105F3F0005F8C3743F967452089692205004C220FD
:105F4F008002D220A220E433FC8014E51624FBF853
:105F5F00E6B5070908E6B5040474018001E4FCEC1A
:105F6F0060258D828E83A8160808E6F0A81608E62D
:105F7F002479FEE43409FDE5162407F886070F8E11
:105F8F00828D83EFF08029E5162409F806E51624A3
:105F9F0009F8A9160909E6F7025EEFE5162408F8D5
:105FAF0006E5162408F8E5162407F9E6F7025EBEA3
:105FBF00851681D01622C016858116E582FF2466CC
:105FCF00F582E43409F583E51624FDF8E6F0EF24B5
:105FDF0079FFE43409FEE51624FCF886050D8F825F
:105FEF008E83EDF0D016221250F21281FE7401C092
:105FFF00E07406C0E0758200125FC51581158174CB
:10600F0001C0E0C0E0758201125FC5158115817472
:10601F0001C0E004C0E0758202125FC515811581D1
:10602F007401C0E07403C0E0758203125FC515816F
:10603F0015817401C0E07404C0E0758204125FC55D
:10604F00158115817402C0E014C0E0758205125FDE
:10605F00C5158115817402C0E0C0E0758206125F1C
:10606F00C5158115817F00BF0A00501C8F060E7465
:10607F00092FFDC007E4C0E0C0068D82125FC51571
:10608F00811581D0070F80DFE4C0E07439C0E0E4F0
:10609F00C0E0C0E0758207125E7FE58124FCF581C8
:1060AF007401C0E0E4C0E0C0E0C0E0758208125E99
:1060BF007FE58124FCF5817F00BF1300500FEF2493
:1060CF008CF582E43409F583E4F00F80EC12236A37
:1060DF00E5828583F090099FF0E5F0A3F012370277
:1060EF00AE82AF839009A2EEF0EFA3F01EBEFF01C8
:1060FF001F9009A4EEF0EFA3F0229009A17464F0B1
:10610F0022E5829009AFF022C016858116E582FF45
:10611F002466F582E43409F583E0FEBEFF02805366
:10612F00EF248CFCE43409FD8C828D83E0FBE516B3
:10613F0024FDF8E6B50302803A8C828D83E51624A0
:10614F00FDF8E6F0E51624FDF8E6600CE51624FDF3
:10615F00F886E05407FD80027DFFEF2479F582E495
:10616F003409F583E0FFC005C0078E821258AD15C4
:10617F00811581D01622C016858116AF829009A68F
:10618F00E0FDA3E0FEC394FF500F740A2DFDE43E23
:10619F00FE9009A6EDF0EEA3F0BF01119009A6E065
:1061AF00FDA3E0FEC3ED9450EE94005014BF022205
:1061BF009009A6E0FDA3E0FEC3ED947CEE940140B0
:1061CF00119009A6E4F0A3F09009ACE0B40100E44B
:1061DF0033F0C007123C56E582D007600F9009AD2F
:1061EF007401F09009A8E4F0A3F080389009ADE0B5
:1061FF0060329009A8E0FDA3E0FE740A2DFDE43E95
:10620F00FE9009A8EDF0EEA3F09009A8E0FDA3E041
:10621F00FEC374B89D740B9E4005BF0302800590AA
:10622F0009ADE4F0E51624FDF8E6603A9009AAE01E
:10623F00FEA3E0FF740A2EFEE43FFF9009AAEEF0E2
:10624F00EFA3F09009AAE0FEA3E0FFC374F09EE471
:10625F009F501E9009AAE4F0A3F09009AEE0B4019C
:10626F0000E433F0800B9009AAE4F0A3F09009AE9C
:10627F00F0D01622C0168581160581058112481BA4
:10628F00128268E582600612481B125CB212481B2C
:10629F00123702AE82AF839009A4E0FCA3E0FDEEBB
:1062AF00B50407EFB505030266CC9009A4EEF0EF35
:1062BF00A3F0C007C00612481BD006D0079009A252
:1062CF00E0FCA3E0FDEEC39CFCEF9DFDC374649C5A
:1062DF00E49D50148E048F05EC249CFCED34FFFDDF
:1062EF009009A2ECF0EDA3F0C007C00612555012B2
:1062FF00236AAC82AD83D006D00790099FE0FAA342
:10630F00E0FBECC39AFAED9BFBC3EA940DEB940010
:10631F00402490099FECF0EDA3F09009A1E0FDE07F
:10632F006006ED149009A1F0C007C0061257D312F2
:10633F00481BD006D007C007C006124917AD82D040
:10634F0006D007EDB40100B39220900238E0F58239
:10635F00C007C006C024125E5BA81608A682D02410
:10636F00C024123E0AAC82D024C004C024123C4187
:10637F00A8160808A682D024D004D006D00790090A
:10638F00AFE06006302003EC6004C2218002D2210E
:10639F0030201DEC701AC007C006C004C024123E86
:1063AF0018E582D024D004D006D007600330210432
:1063BF00C2228002D222C0049009A2E0FAA3E0FD1B
:1063CF00EEC39AFBEF9DFCC3EB940AEC9400D00450
:1063DF004032740A2AFAE43DFD9009A2EAF0EDA3D7
:1063EF00F0C007C006C004C024A222E433C0E0A856
:1063FF0016080886821261851581D024D004D00634
:10640F00D00780B22020059009ADE4F030202FC0D6
:10641F0004C024123E03E582D024D0046020C004BF
:10642F00C0241251D0E582D024D00420E72E7582EB
:10643F0080C004C0241251D4D024D004801EC004C4
:10644F00C0241251D0E582D024D00430E70E7582DB
:10645F0080C004C0241251DBD024D004A81608E653
:10646F006003302104C2238002D223A221E433F53A
:10647F0082C004C024128245D024C02412481BD0ED
:10648F0024D0047FFF7E002020107F003023047D66
:10649F000780027D008D0602656530210302656568
:1064AF00C007C006C004C024123C4FE582D024D0E0
:1064BF0004D006D0077003026565C007C006C0048C
:1064CF00C024123C48AD82D024D004D006D007EDB2
:1064DF0024FC5003026565C006C004C024123C486A
:1064EF00AD82D024D004D006ED60047B0480027B03
:1064FF0006ED60048D0280027A048A07A816080848
:10650F00B601028007A8160808B602109009ACE081
:10651F0060048B0280027A808A06803AA8160808E7
:10652F00B603339009ADE060048B06802930232633
:10653F00C007C006C005C004C024123C3AE582D093
:10654F0024D004D005D006D007600BED60047D0485
:10655F0080027D028D063023047D8080027D007BCA
:10656F0000EB24FB4031EBB50707EE60048E028091
:10657F00028D02C007C006C005C004C003C024C0FE
:10658F00028B821261171581D024D003D004D0055D
:10659F00D006D0070B80CA30230A900386E0700420
:1065AF007F0780027F00C004C024C00775820512D8
:1065BF0061171581D024D00430230A900386E06040
:1065CF00047F0780027F00C004C024C007758206C5
:1065DF001261171581D024D004900376E003540183
:1065EF00601930200FC004C024123C3AE582D02439
:1065FF00D00460072021047F0780027F00C004C001
:10660F0024C0077582071261171581D024D0047F2B
:10661F0000EC6010C024123E11E582D02460027499
:10662F0001FF801130220E9009AEE060047E0180E0
:10663F00027E808E07C024C007758208126117156D
:10664F0081D024C02412481BD024C024123E1FAE78
:10665F0082AF83D0248E048F05C3EC9422ED940374
:10666F00922040047D0280027D017C00BC0A005014
:10667F004C302123EC75F002A424E9F58274933594
:10668F00F0F583E493FAA3E493FBC3EE9AEF9B92A6
:10669F002040048D0380027B0074092CFAC007C0D0
:1066AF0006C005C004C024C0038A82126117158179
:1066BF00D024D004D005D006D0070C80AF8516812A
:0366CF00D01622C0
:1093E900E102F6020D03220338034E0364037A03F4
:0493F9009003A60334
:1066D200E5822582248AFFE434038F82F5832290A7
:1066E2000B98E0FF900B99E04207900B9AE042076B
:1066F200900B9BE04F700A900B9A74A5F0900B9B45
:10670200F07F00BF02005044900B98E0FE900B997E
:10671200E0FDEE909CB9936205900B98EDF0900B22
:106722009AE0FDEE909DB9936205900B99EDF09081
:106732000B9BE0FDEE909EB9936205900B9AEDF0F3
:10674200EE909FB993900B9BF00F80B7900B99E05E
:10675200FF53077F8F067F00900B98E07C00420773
:10676200EC42068F828E8322AE82AF838F05ED2D9F
:1067720025E0FCEE23235403420475F003EC84ACC1
:10678200F0ED232354032CFFBF030040068F05EDD9
:1067920024FDFFEF030354C0FF53063FEE42078F71
:1067A2008222AE82AF838F047D00EC2EFEED3FFF8E
:1067B2000EBE00010F8F068E8222AF829008FBE090
:1067C200F5F0EFA4FEADF08E828D83C0071267A4B0
:1067D200AE82D0079008FBEEF09008FCE0F5F0EFF7
:1067E200A4FEADF08E828D83C0071267A4AE82D064
:1067F200079008FCEEF09008FDE0F5F0EFA4FFAD85
:10680200F08F828D831267A4AF829008FDEFF02291
:106812009008FBE0FF900BA4E08FF0A4FFE5F0C32B
:1068220013CF13CFC313CF13CF9008FBEFF0900811
:10683200FCE0FF900BA4E08FF0A4FFE5F0C313CFC0
:1068420013CFC313CF13CF9008FCEFF09008FDE0F5
:10685200FF900BA4E08FF0A4FFE5F0C313CF13CF9A
:10686200C313CF13CF9008FDEFF022125D8E0248C2
:106872001BE58275F003A4AEF024FDFFEE3493FE17
:106882008F828E83E4939008FBF08F828E83A3E441
:10689200939008FCF08F828E83A3A3E4939008FD6B
:1068A200F022900BA3E075F003A42432FFE4349CA1
:1068B200FE8F828E83E4939008FBF08F828E83A3F7
:1068C200E4939008FCF08F828E83A3A3E493900854
:1068D200FDF022900BA3E0FFBF07091266E11267E9
:1068E2006A0268730268A4AF82900B9FE0FEBE0A40
:1068F200047D148010BE0B028003BE11047E028050
:10690200027E018E05900B94E0C39DF0E0C39F4090
:10691200061F900B94EFF0900B94E0F58222C016C4
:10692200858116AF82E51624FDF8E62FFFE51624D1
:10693200FCF8C3EF964009E51624FCF8EFC396FF76
:106942008F82D01622C016858116AF82E51624FDED
:10695200F8B61500506FC0071268D5D007E51624A7
:10696200FDF8B61000505EE51624FDF8E675F00657
:10697200A4FE8F05ED2EFE24B0FCE43409FD900840
:10698200FBE08C828D83F0EE2410FCE4340AFD904F
:1069920008FCE08C828D83F0EE2470FCE4340AFD66
:1069A2009008FDE08C828D83F0EE24D0F582E434F1
:1069B2000AF5837420F0EF600CC006126812D0064C
:1069C2008E8212686DD01622E582FF909A3293FE73
:1069D200EF909B3293FFC0068F8212694715812286
:1069E200AF828F0675F003EE84900BF9F075F00319
:1069F200EF84E5F025F0900BFAF022AF829008FDCB
:106A0200E4F09008FCF09008FBF0EF75F006A4FFAC
:106A1200900BFAE0FE2FFF900BFAE0FD0D0DC3EE96
:106A22009D5044EF24B0F582E43409F583E4F0EF9D
:106A32002410F582E4340AF583E4F0EF2470F58241
:106A4200E4340AF583E4F0EF24D0F582E4340AF565
:106A520083E4F0EE600D8F82C007C00612686DD02D
:106A620006D0070E0F80B022C016E581F516240568
:106A7200F581E582FF2430F582E4340BF583E516D7
:106A82002405F8E0F6900B9FE0FDE4BD0D0104FD46
:106A9200EF75F006A4FF900BFAE0FC2FFF8CF005D7
:106AA200F07401800225E0D5F0FBFB900BFAE0FACE
:106AB2000A0AC3EC9A4003026BF0E5162405F8EBD0
:106AC200566003026BE8A81608EF24D0F6E4340AF5
:106AD20008F6A816088682088683E0FAEC7003029C
:106AE2006BACC005EF24B0F582E43409F583E0F520
:106AF200F0EAA4FDE5F0C403CDC40354076DCD5400
:106B020007CD6DCD900BA4E08DF0A4FEE5F0C3138C
:106B1200CE13CEC313CE13CE9008FBEEF0EF2410AB
:106B2200F582E4340AF583E0F5F0EAA4FEE5F0C468
:106B320003CEC40354076ECE5407CE6ECE900BA480
:106B4200E08EF0A4FDE5F0C313CD13CDC313CD1336
:106B5200CD9008FCEDF0EF2470F582E4340AF58361
:106B6200E0F5F0EAA4FEE5F0C403CEC40354076ED8
:106B7200CE5407CE6ECE900BA4E08EF0A4FDE5F0CD
:106B8200C313CD13CDC313CD13CD9008FDEDF08FFC
:106B920082C007C005C004C003C00212686DD002E3
:106BA200D003D004D005D007D005ED602BA816087D
:106BB200E5162403F9E6F708E609F7BA020092207F
:106BC20040068A061E1E80027E00E5162403F88611
:106BD20082088683EEF0800EEA600B1AA8160886F9
:106BE20082088683EAF00C0FEB2BFB026AAD124897
:106BF2001B851681D01622C0168581160581058156
:106C0200AF828F06EE75F006A4FE900BFAE0FD2E21
:106C1200FE8DF005F07401800225E0D5F0FBFC90BA
:106C22000BFAE0FB0B0BC3ED9B4003026D55EE2408
:106C3200D0F582E4340AF583E0FBED7003026D0BBC
:106C4200C007EE24B0F582E43409F583E0F5F0EBF9
:106C5200A4FAE5F0C403CAC40354076ACA5407CAB3
:106C62006ACA900BA4E08AF0A4FFE5F0C313CF1325
:106C7200CFC313CF13CF9008FBEFF0EE2410F582B1
:106C8200E4340AF583E0F5F0EBA4FFE5F0C403CFAA
:106C9200C40354076FCF5407CF6FCF900BA4E08F7C
:106CA200F0A4FAE5F0C313CA13CAC313CA13CA90F5
:106CB20008FCEAF0EE2470F582E4340AF583E0F58C
:106CC200F0EBA4FFE5F0C403CFC40354076FCF5425
:106CD20007CF6FCF900BA4E08FF0A4FAE5F0C313B7
:106CE200CA13CAC313CA13CAFF9008FDEAF08E8200
:106CF200C007C006C005C004C00312686DD003D02F
:106D020004D005D006D007D007A81608EF2430F625
:106D1200E4340B08F6A816088682088683E0FAECAB
:106D22005A60180BBB210040167B20ECF45202A8DB
:106D320016088682088683EAF08004EB60011BEE67
:106D420024D0F582E4340AF583EBF00D0EEC2CFC32
:106D5200026C2112481B851681D01622C01685812D
:106D62001605810581E5827007900B95E02401F0FC
:106D72001266E1AE82AF83900B95E07C002EFEECB2
:106D82003FFF7484C0E0E4C0E08E828F83128C7A6D
:106D9200AE8215811581EE909A3293FFBF100040AA
:106DA20003026E8CEE909B3293FEC007C00612481F
:106DB2001B1266E112676AAD82D006D0078F04EC1F
:106DC20075F006A4FC7B008E02C0077F00EA2CFC53
:106DD200EF3BFBA81608A60408A603A81608C3E6FC
:106DE200946008E69400D0075015A81608E624D04F
:106DF200FCE4340AFB8C828B83E06003026E8CBE5F
:106E0200080050108EF005F07401800225E0D5F0E4
:106E1200FBFC80027C00EF2430FBE4340BFF8B820E
:106E22008F83E0FAEC5A7062EA42048B828F83EC21
:106E3200F0EE6056A81608C3E6946008E694005087
:106E420049900BA3E0FFBF07078D8212687380038E
:106E52001268A4A81608E6FF24B0FDE43409FE90E7
:106E620008FBE08D828E83F0EF2410FDE4340AFEED
:106E72009008FCE08D828E83F0EF2470FFE4340AE8
:106E8200FE9008FDE08F828E83F0851681D0162257
:106E9200E582FF7023C0071266E1AD82D007530579
:106EA2000FED2480FDE4340BFE8D828E83E0FCBC6A
:106EB200FF068D828E83E4F0EF2480FDE4340BFE26
:106EC2008D828E83E0FCBC060040088D828E837426
:106ED200FFF0228C03EB75F015A42FF582C006C0DB
:106EE20005C0041269CAD004D005D0060C8D828E6A
:106EF20083ECF022900B90E075F015A4FF900B91BB
:106F0200E02FF5821269CA900B92E06035900B91E6
:106F1200E02401F0E0FF24F0505A900B92E4F0904C
:106F22000B91740FF0900B93E06008900B90E0FFD0
:106F32000F8008900B90E0FE1E8E07900B90EFF0F2
:106F42008032900B91E014F0E0FF24F05026900B79
:106F52009274FFF0900B91E4F0900B93E060089034
:106F62000B90E0FF0F8008900B90E0FE1E8E0790C2
:106F72000B90EFF0900B90E0FF24FA500D900B93E2
:106F8200E0F4F0900B907404F022EF700C900B93ED
:106F9200E0F4F0900B907402F022E582FF2470F589
:106FA20082E4340BF583E0FEEF2460F582E4340BD7
:106FB200F583E04206EF2440F582E4340BF583E0EA
:106FC2004206EF2450F582E4340BF583E04206904A
:106FD2000BFAE0FD8DF005F0EE8002C313D5F0FB55
:106FE200FEEDFC75F015A42FFD900BFAE0FF0F0FDC
:106FF200C3EC9F5025EE30E0148D82C006C005C060
:10700200041269CA12481BD004D005D0060C8D07A1
:1070120074152FFDEEC313FE80CF227F00BF100038
:10702200502BEF2460FDE4340BFE8D828E83E0C38F
:10703200138D828E83F0EF2470FDE4340BFE8D827B
:107042008E83E025E08D828E83F00F80D012481B64
:107052007F00BF0F00501EEF2440FDE4340BFE8F73
:10706200040CEC2440F582E4340BF583E08D828E2F
:1070720083F00F80DD7F0FEF6023EF2450FDE434B7
:107082000BFE8F041CEC3395E0FBEC2450F582EBF5
:10709200340BF583E08D828E83F01F80DA12481B59
:1070A200900B4FE4F0900B50F012481B7F00BF1082
:1070B200005048EF2460F582E4340BF583E0FEEFE4
:1070C2002470F582E4340BF583E04206EF2440FCA1
:1070D200E4340BFD8C828D83E0FBEE42038C828DC7
:1070E20083EBF0EF2450FCE4340BFD8C828D83E0C3
:1070F20042068C828D83EEF00F80B312481B900BF8
:107102009FE0FFBF0D58900B96E02401F0E024FAB7
:10711200504C900B96E4F0900B97E0FFE060047EF9
:107122000180027E20900B9774016FF0900B66E055
:10713200FFEE4207900B66EFF0900B76E0FFEE4217
:1071420007900B76EFF0900B46E0FFEE4207900BB4
:1071520046EFF0900B56E04206900B56EEF022C03E
:1071620016858116E58275F006A4FF900BFAE0FE03
:107172002FFF900BFAE0FD0D0DC3EE9D5061EF90D5
:1071820099D293FDBDFF028052ED5407604DE51682
:1071920024FDF8E6602AEE75F003A424B6FCE4347C
:1071A2000BFB8C828B83E09008FBF08C828B83A399
:1071B200E09008FCF08C828B83A3A3E09008FDF0A2
:1071C200EDC423541F75F006A4FC74075D2CF582F0
:1071D200C007C00612686DD006D0070E0F8093D08C
:1071E2001622AF82900BFAE075F015A42FFE7F02F3
:1071F200EF6030EE909A3293FDEE909B3293FCBD9D
:1072020010005016EC6013ED75F006A42CF582C048
:1072120007C00612686DD006D0078E0574152DFEC4
:107222001F80CD22AF828F0675F005EE84FE75F0C9
:1072320005EF84E5F0FD60030272EEEE7029900B1B
:107242009FE0FFBF0103D38001C3922040127582E9
:10725200C0C006C0051268E9AF82D005D006800220
:107262007F00900BB5EFF0900BA3E0FFBF071390E8
:107272000BB5E0F582C006C005126873D005D006D2
:10728200802AC006C0051268A4D005D006900B9FC4
:10729200E0FFBF01028015900BB5E09096BD93F51B
:1072A20082C006C0051267BCD005D006C006C00564
:1072B2001268129008FBE0900BB6F09008FCE09088
:1072C2000BB7F09008FDE0900BB8F0900BB5E0FF23
:1072D20074C0C0E0740DC0E08F82126920AF8215C5
:1072E200811581D005D006900BB5EFF0900BB6E07A
:1072F2009008FBF0900BB7E09008FCF0900BB8E020
:107302009008FDF0ED75F003A4FFEE75F00DA424D6
:107312005DFDE43499FE8F048F030B0B0BC3EC9BD2
:107322005059BC0D005054EC2DF582E43EF583E437
:1073320093FBBBFF028041EB5407603C8B02740756
:107342005A75F015A4FAEBC423541F2AFA909A3204
:1073520093FBBB10005021EB75F006A4FBEA909B57
:1073620032932BF582C007C006C005C00412686DB7
:10737200D004D005D006D0070C809D22C01685818E
:107382001605810581AF828F0675F003EE84AEF09B
:10739200E4BE000104FE900B9FE0FDBD01028012DD
:1073A200BD1102800D8F82C007C0061269E2D006AD
:1073B200D007900B9FE0FD24EE50030277EEED2400
:1073C2000A83F582ED241683F583E473EEF2FAF470
:1073D2004560EE4568EE7076EE45EE3559F277730C
:1073E2007374757577757577757577757776777345
:1073F2008F821272260277EEEF700F758280C006BE
:107402001268E9D006900BB5E4F0EE606F900BA322
:10741200E0FDBD070050051268A4801B900BB5E08B
:10742200F5821268739008FBE0FD9008FDE0900879
:10743200FBF09008FDEDF0900B94E090963D93F5F3
:10744200821267BC1268129008FBE0900BB6F090B3
:1074520008FCE0900BB7F09008FDE0900BB8F090BC
:107462000BB5E0FD74C0C0E0740BC0E08D82126900
:1074720020AD8215811581900BB5EDF0900BB6E031
:107482009008FBF0900BB7E09008FCF0900BB8E08E
:107492009008FDF0900BFAE0FC75F015A4FD900B3E
:1074A200F9E02DFD900BFAE0FB0B0BC3EC9B4003C4
:1074B2000277EE900BF9E075F006A4FB8C02EA2B42
:1074C2009099D293FBBBFF02801FED909B3293FAFF
:1074D2006017ED909A329375F006A42AF582C005E2
:1074E200C00412686DD004D0050C8D0374152BFDF9
:1074F20080B2EF70247582C01268E9126873126854
:10750200129008FBE0900BB6F09008FCE0900BB7ED
:10751200F09008FDE0900BB8F0900BB6E09008FBFD
:10752200F0900BB7E09008FCF0900BB8E09008FDEB
:10753200F0900BF9E0FDE4C0E08D821271611581DB
:107542000277EE900BF9E0F582C007126F9CD0072C
:10755200BF2F0280030277EE12701D0277EE8F8238
:10756200126E920277EE8F82126D5E0277EE126ECB
:10757200F60277EEEF701D900BA3E0FDBD07047DD0
:10758200C080027D608D82C0061268E9E582D00665
:10759200900BB5F0EE6078900BA3E0FEBE0728904A
:1075A2000BB5E0F582126873900BB5E0FE74C0C0B3
:1075B200E07407C0E08E82126920AE8215811581C7
:1075C200900BB5EEF0802D1268A4900BB5E090966A
:1075D200BD93F5821267BC900BB5E0FE7460C0E00B
:1075E200740AC0E08E82126920AE821581158190E4
:1075F2000BB5EEF01268129008FBE0900BB6F0901B
:1076020008FCE0900BB7F09008FDE0900BB8F0900A
:107612000BB6E09008FBF0900BB7E09008FCF090FE
:107622000BB8E09008FDF0900BF9E0F5821271E4DE
:107632000277EE900BF9E0FE75F006A4FD900BFACE
:10764200E0FC2DFDECFB75F015A42EFF900BFAE08B
:10765200FE0E0EC3EB9E40030277EEED24D0F582C0
:10766200E4340AF583E0FE1EBE800040027E7FED18
:1076720024D0F582E4340AF583EEF0900B94EEF018
:10768200EF2432F582E4349AF583A81608E493F6DF
:10769200EF2432F582E4349BF583A8160808E493BC
:1076A200F6A81608B61000400302774EA81608087E
:1076B200E6700302774EC003EE75F003A4AEF02429
:1076C2007DFBEE3497FE8B828E83E493FA900BA4BB
:1076D200E08AF0A4FCE5F0C313CC13CCC313CC13A3
:1076E200CC9008FBECF08B828E83A3E493FC900B8E
:1076F200A4E08CF0A4FAE5F0C313CA13CAC313CAF8
:1077020013CA9008FCEAF08B828E83A3A3E493FE53
:10771200900BA4E08EF0A4FEE5F0C313CE13CEC30B
:1077220013CE13CEFB9008FDEEF0A81608E675F016
:1077320006A4FAA8160808E62AF582C007C005C002
:107742000312686DD003D005D007D0030B0D8F0450
:1077520074152CFF02764EEF60030277DE7582C04D
:107762001268E9AF827E00BE120050708F82C0079D
:10777200C006126873126812D006D007C00674C021
:10778200C0E07419C0E08F82126920AF82158115A2
:1077920081D006EE24B6FCE4340BFD9008FBE08CAD
:1077A200828D83F08E05ED0424B6FCE4340BFB904D
:1077B20008FCE08C828B83F074022D24B6FCE43446
:1077C2000BFB9008FDE08C828B83F0C007C0051292
:1077D200481BD005D00774032DFE808B900BF9E077
:1077E200FF7401C0E08F821271611581851681D00C
:1077F2001622900B9FE0FFBF01028014BF0502809A
:107802001EBF0802801DBF0A02801CBF111D800B13
:10781200900B94E075F005A4F5822275822D2275F5
:10782200821022758205227582012275823022AF72
:10783200829008FBE0FE9008FDE09008FBF09008C3
:10784200FCE09008FDF09008FCEEF08F0574092D25
:1078520075F006A4F582C007C00612686DD006D086
:1078620007EF75F006A4F582C00612686DD0069087
:1078720008FDE09008FCF09008FBE09008FDF09015
:1078820008FBEEF022AF82900BD5E014F0E0C39F2C
:1078920040061F900BD5EFF0229003B0E0FF900856
:1078A200FBE0F5F0EFA4FEE5F0C313CE13CEC31355
:1078B200CE13CE9008FBEEF09008FCE0F5F0EFA4BA
:1078C200FEE5F0C313CE13CEC313CE13CE9008FC45
:1078D200EEF09008FDE0F5F0EFA4FFE5F0C313CF62
:1078E20013CFC313CF13CF9008FDEFF0229003AF55
:1078F200E075F003A424A1FFE4349CFE8F828E8302
:10790200E4939008FBF08F828E83A3E4939008FCAB
:10791200F08F828E83A3A3E4939008FDF022E58288
:10792200FF700302797A900BFBE0601A900BFEE085
:107932009008FBF0900BFFE09008FCF0900C00E048
:107942009008FDF0802D900BFCE0F582C0071268D4
:1079520073900BFCE0FE74C0C0E07409C0E08E823C
:10796200126920AE8215811581900BFCEEF012781F
:107972009BD0078F820278319003AEE0FF9003899B
:10798200E0F582C0071266D2E5828583F0D0072433
:1079920001F582E435F0F583E0FEC4540FFE24FBCA
:1079A20050027E04EE90A0B993909CB693FEC22042
:1079B200900BFD7401F0900BD6E06009900BD6E4B9
:1079C200F0900BD5F0EF24FB5003027AC9EF2F2F72
:1079D2009079D6730279E5027A12027A7A0279E50F
:1079E200027A9F900BD4E024A54003027AC9EF608B
:1079F200081278EF12789B800D9008FDE4F0900851
:107A0200FCF09008FBF0D220900BD4E4F0027AC98B
:107A1200900BD4E0FFC3EE9F4003027AC97582C087
:107A2200C024127887D024900BD5E0F582C02412AE
:107A32006873D024900BD5E0FFC02474C0C0E074FA
:107A420009C0E08F82126920AF8215811581D0248E
:107A5200900BFCEFF0C02412789BD024758200C0FA
:107A620024127831D024900BFBE4F0900BFD7407C4
:107A7200F0900BD4E4F0804F900BD4E0FFC3EE9F64
:107A820050457582C0127887900BD5E0F582126856
:107A92007312789BD220900BD4E4F0802A900BD4FE
:107AA200E0FFC3EE9F50207582801278871278EF34
:107AB200900BD5E090963D93F5821267BC12789BAD
:107AC200D220900BD4E4F030202A75820012783153
:107AD2009008FBE0900BFEF09008FCE0900BFFF0AA
:107AE2009008FDE0900C00F0900BFB7401F0900BFD
:107AF200FD7407F022900BB4E4F0900BB3F0FFBFDB
:107B02000A005010EF24A9F582E4340BF58374FFC8
:107B1200F00F80EB22AF82900BCFE0FE04F0EE2458
:107B2200C8F582E4340BF583EFF0227F00BF10002A
:107B32005033EF2440F582E4340BF583E4F0EF2474
:107B420050F582E4340BF583E4F0EF2460F582E42F
:107B5200340BF583E4F0EF2470F582E4340BF58303
:107B6200E4F00F80C822900B9FE0FF900BA6E0701C
:107B720003027C80900BA6E4F0BF0603D38001C30E
:107B820092204016BF0903D38001C39220400BBF4D
:107B92000E03D38001C392205004C2208002D2205F
:107BA200900BA7A220E433F0EF24EE5003027C8076
:107BB200EF240A83F582EF241683F583E47380E4CD
:107BC200E4E4EC2480EC80803BE480FB8051E4E43C
:107BD2007C7B7B7B7B7C7C7B7C7C7C7B7C7B7C7CEA
:107BE2007B7B900B94E4F0027C80900B95E4F0C0D8
:107BF20007127B2DD007027C80900B95E4F0C00722
:107C0200127B2DD007900B567401F0900B46F0902A
:107C12000B76F0900B66F0900B97E4F0900B96F0D9
:107C2200805C7E00BE10005055EE2480F582E43464
:107C32000BF58374FFF00E80EB900B907401F090C3
:107C42000B91E4F0900B9214F0900B93F0802F7E46
:107C520000BE60005028EE24D0FCE4340AFDEE9011
:107C620098FD938C828D83F08E0553050FBD0F0B0B
:107C7200C007C00612481BD006D0070E80D3900B57
:107C8200A8E0FEBEFF0122EE9099D293FE74075E39
:107C9200FDEEC423541FFC53041F900BA874FFF085
:107CA200BF0C15BEFF01228D06EE75F015A4FE8CE9
:107CB20003EB2EF5820269CABC1000506B8DF005F1
:107CC200F07401800225E0D5F0FBFEEC2440FBE4D9
:107CD200340BFD8B828D83E0FAEE42028B828D8320
:107CE200EAF0EC2450FBE4340BFD8B828D83E0FA46
:107CF200EE42028B828D83EAF0BF072CEC2460FDFA
:107D0200E4340BFF8D828F83E0FBEE42038D828F82
:107D120083EBF0EC2470FCE4340BFF8C828F83E065
:107D220042068C828F83EEF022900BA7E070012234
:107D3200900B9FE0FF75F005A4FE900BA5E02E903E
:107D42009C4793FEBF04028019BF0502804EBF0705
:107D520002800FBF08028061BF0A028005BF0D7654
:107D6200801D900B9EE024F0506C900B9EE4F07509
:107D72008205C007C006127B17D006D00780579035
:107D82000B9EE024FD504F900B9EE4F0758205C0DF
:107D920007C006127B17D006D007803A900B9EE0F0
:107DA20024F55032900B9EE4F0758205C007C006A0
:107DB200127B17D006D007801D900B9EE0FDBD10F0
:107DC200004013900B9EE4F0758206C007C00612B5
:107DD2007B17D006D007900B9CE0FCA3E0FD7B0054
:107DE200C3EC9EED9B402D900B9CE4F0A3F0EF7052
:107DF2000122BF0C06758205027B17BF0110900B92
:107E020094E0FFBF09005006900B94EF04F07582D6
:107E120007027B1722900BE9E0FEA3E0FF900BE93B
:107E2200E4F0A3F0900B9CE0FCA3E0FD74FFC39C84
:107E3200FA74FF9DFBC3EA9EEB9F50067AFF7BFF1D
:107E42008006EE2CFAEF3DFB900B9CEAF0EBA3F0E0
:107E5200900B9EE02EF0900BD4E02EF0900389E080
:107E6200FFF582C0071266D2AD82AE83D007EF6003
:107E7200027404FC8D828E83E0FBC3EC9B50048C65
:107E82000280028B028A030DBD00010E8D828E8359
:107E9200E0C4540FFA900BA5F0C3EC9A5005900B76
:107EA200A5ECF08D828E83E0FD900BA3740F5DF044
:107EB200900BCFE4F0900BD0F0900BD1F0900BD35D
:107EC200F0758201C007C003127B17D003D007C22E
:107ED20020BF04028008BF07028003BF0C43900B3F
:107EE200B4E024A9FDE4340BFE8D828E83E0FCBC59
:107EF2007E00502D900BA8ECF08D828E8374FFF0E3
:107F0200D220900BB4E0FEBE09047D0080030E8EE9
:107F120005900BB4EDF0900B9CE4F0A3F0900B9E57
:107F2200F0202031900B9FE0FEEFB50628900BA3C6
:107F3200E0FE900BA0E0FDEEB5051A900BA1E0FE6D
:107F4200EBB50611900BA5E0FE900BA2E0FDEEB59D
:107F52000503028008900B9FE0FEEFB50610900B20
:107F6200A3E0FE900BA0E0FDEEB505028041900B70
:107F72009FEFF0900BA3E0900BA0F0900BA6740182
:107F8200F0900BA7E4F0FEBE1000500FEE2430F587
:107F920082E4340BF583E4F00E80EC758202C007B4
:107FA200C003127B17D003D007900BD37401F0905B
:107FB2000BA1E0FEEBB50610900BA5E0FE900BA224
:107FC200E0FDEEB50502800EBF01028003BF080688
:107FD200900BA67401F0900BA1EBF0900BA5E09032
:107FE2000BA2F0BF0816900BA6E06010900BD3E036
:107FF200700A758202C003127B17D003758203C018
:1080020003127B17D003900BA4EBF0758204027B62
:1080120017AF82BF0202800FBF0502800ABF0602AD
:108022008005BF07098004758230220277F47582C9
:108032000122900BD0E024C8F582E4340BF583E0F2
:10804200FF900BD1E0700F8F82C007128013E58280
:10805200D007900BD2F0900BD2E070030280FEEFBB
:1080620024F850030280FEEF2F2F9080707302805D
:10807200FE0280880280970280AF0280B80280C12F
:108082000280D90280F1900BD1E0F582C00712790B
:1080920020D0078067900BD1E0F582C0071269E219
:1080A200900BF9E0F5821269FDD007804FC00712EC
:1080B2007B68D0078046C007127D2BD007803D9099
:1080C2000BD1E0F582C0071269E2900BF9E0F5826C
:1080D200126A6AD0078025900BD1E0F582C00712A0
:1080E20069E2900BF9E0F582126BF9D007800D90EE
:1080F2000BD1E0F582C00712737ED007BF010E904C
:108102000BD1E07008900BFDE0900BD2F0900BD1F8
:10811200E02401F0E0FF900BD2E0FEC3EF9E400CA2
:10812200900BD1E4F0900BD0E02401F022C0168530
:108132008116AF82900389E0FEE51624FDF886F0F1
:1081420005F07401800225E0D5F0FBFDE4BE0C01D0
:1081520004FC6041E51624FCF8E6601DC004EF242F
:1081620030FAE4340BFB8A828B83E0FCED42048A12
:10817200828B83ECF0D004801CC004EF2430FAE43C
:10818200340BFB8A828B83E0FCEDF452048A828BEF
:1081920083ECF0D004BE04028008BE07028003EC28
:1081A2006044E51624FCF8E6604F900BB3E024A986
:1081B200FDE4340BFE8D828E83E0FCBCFF3BEF7549
:1081C200F006A4FFE51624FDF8E62F8D828E83F0DB
:1081D200900BB3E0FFBF09047E0080030F8F06906F
:1081E2000BB3EEF08013900BB4E0FF900BB3E0FE04
:1081F200EFB506028003127AF7D01622900B9F7415
:10820200FFF0900BA8F0127AF7123702AE82AF831A
:10821200900BE7EEF0EFA3F0900BF1EEF0EFA3F08E
:108222007F00BF1000501BEF24D7FDE4340BFEEF9C
:108232002417F582E43402F583E08D828E83F00FF9
:1082420080E022AF82900BF7EFF022124917E5820D
:108252006007123E0AE5826004C2208002D220A298
:1082620020E433F58222C016E581F5162405F58156
:10827200900237E06006758200028561123702AE15
:1082820082AF83C220C007C006C02412236AC8E599
:10829200162404C8A68208A683D024C02412481B30
:1082A200D024D006D007900BEDE0FAA3E0FBE51650
:1082B2002404F8E6B5020708E6B50302800280044A
:1082C2007B1080027B00BB10004003028392BB083C
:1082D20013C007C006C003C02412481BD024D00319
:1082E200D006D007EB2417F582E43402F583E0FAD6
:1082F200A81608EB24D7F6E4340B08F6A81608866D
:1083020082088683E0FDEA6205E5162403F8A605E5
:10831200ED6079A816088682088683EAF0D2207D6D
:10832200017C01EC24FA4064E5162403F8ED566062
:1083320055C006C007ED5AB40100B39221D007D050
:108342000630210F900BEFE4F0A3F0900BF1EEF06A
:10835200EFA3F0900BF5E0602DC007C006C005C08A
:1083620004C003C002C024A221E433C0E0C0048BD5
:108372008212812F15811581D024D002D003D0041E
:10838200D005D006D0070CED2DFD80970B0282C8D8
:10839200E5162404F8900BEDE6F008E6A3F0900B46
:1083A200EBE0FCA3E0FDEEB5040AEFB505062020E4
:1083B200030284D5900BEBEEF0EFA3F0C007C006EA
:1083C200C02412824DAD82D024D006D007EDFC70BD
:1083D20011900BEFE4F0A3F0900BF1EEF0EFA3F0AD
:1083E200804BC004900BF1E0FBA3E0FDEEC39BFACF
:1083F200EF9DFCC3EA940AEC9400D004402F740A67
:108402002BFBE43DFD900BF1EBF0EDA3F0900BEFB5
:10841200E0FBA3E0FDC3EB9430ED9475500F740ABA
:108422002BFBE43DFD900BEFEBF0EDA3F0900BF690
:10843200E06030900BF3E0FBA3E0FDEEC39BFBEFAB
:108442009DFDC3EB94B8ED940B4018900BF6E4F04D
:10845200C007C006C004C024121E9DD024D004D080
:1084620006D007900388E0602D900BF7E07027900C
:108472000BEFE0FBA3E0FDC3EB9430ED94755016D7
:10848200EC6017C007C006C024123E18E582D02453
:10849200D006D0076004C2218002D221A221E43397
:1084A200FD900BF5E0FC8D03EBB504028025900BEB
:1084B200F5EDF0EDB401009221E433F582C007C07E
:1084C20006C0241258FFD024C024127AF7D024D038
:1084D20006D007900BF5E07013900BE7EEF0EFA3D8
:1084E200F0A220B39221E433F5828073900BE7E08F
:1084F200FCA3E0FDEEC39CFCEF9DFD900BE9E0FACE
:10850200A3E0FB900BE9EC2AF0ED3BA3F0900BE724
:10851200EEF0EFA3F03020057582008042900BD080
:10852200E0FF900BCFE0FEC3EF9E402D900BE9E001
:10853200F5F0A3E045F07019900BB4E024A9F582A0
:10854200E4340BF583E0FFBF7E00400575820180B5
:108552000E127E17758201800612803475820185A3
:108562001681D0162290038774B6F09003887401A6
:10857200F0900389740BF07F00BF1200501F8F82AE
:10858200C0071266D2AD82AE83D0078D828E83740D
:1085920002F08D828E83A37437F00F80DC9003AEDD
:1085A2007401F09003AFE4F09003B07402F022AFD4
:1085B20082BF12005021BF0603D38001C392204024
:1085C20016BF0903D38001C39220400BBF0E03D311
:1085D2008001C392205004C2208002D220A220E453
:1085E20033F58222900387E0FFBFB6028003028543
:1085F20067900388E024FE50069003887401F0908F
:108602000389E0F5821285B1E582700690038974D0
:108612000BF07F00BF120050418F82C0071266D25A
:10862200AD82AE83D0078D828E83E024FB50078D0E
:10863200828E837402F00DBD00010E8D828E83E066
:10864200FCC4540F24FB400853040FEC24F85007D9
:108652008D828E837437F00F80BA9003AEE024FBD4
:1086620050069003AE7401F09003AFE024F9500578
:108672009003AFE4F09003B0E024FB50069003B007
:108682007402F022900389E0FFBF1100922040049F
:108692007E0080058F050D8D068E078F82C0071222
:1086A20085B1E582D00760E1900389EFF0900BF885
:1086B2007401F022C0168581160581AF829003896C
:1086C200E0FEF582C007C0061266D2AC82AD83D04E
:1086D20006D007EE60027404FEEF600C8C828D837C
:1086E200A3E0C4540FFB80068C828D83E0FBE51669
:1086F20024FDF8E66008C3EB9EE433FE8008EB60DD
:10870200027401FA8A06EE6048E51624FDF8E66076
:10871200058B060E80031B8B06A81608A606EF60C3
:108722002174012CFBE43DFF8B828F83E0FA53021C
:108732000FA81608E6C454F042028B828F83EAF037
:1087420080098C828D83A81608E6F0900BF87401DC
:10875200F01581D01622C0168581160581AE82AF32
:10876200838E048F05C3EC9455ED947E4008745EAD
:108772009C747E9D500675820102893CE51624FD9B
:10878200F8E67005F58202893C900389A81608E094
:10879200F6A816088682C007C006C005C004126685
:1087A200D2AB82AA83D004D005D006D007900BF8B2
:1087B200E4F0BC551BBD7E18900388E0B401009222
:1087C20020E433900388F0900BF87401F002891DC5
:1087D200900388E0700302891DC3EE9456EF947EE5
:1087E200500302891DC3745E9E747E9F50030289EA
:1087F2001DEC24AAFF2F2F9087FD73028818028890
:108802001E02887002887002888B02888B0288AEF2
:108812000288D20288FF12868602891DA81608B62F
:10882200030302891DA81608B60F00400302891D22
:1088320074012BFEE43AFF8E828F83E0FAFB740F01
:108842005B04FBA81608E660027407FDC0028B02F7
:10885200C3ED9AD00250027B005302F0EA42038E2B
:10886200828F83EBF0900BF87401F002891DBC58E3
:1088720006BD7E03D38001C39220E433C0E075823B
:10888200001286B6158102891DA81608B6010302D8
:10889200891DBC5A06BD7E03D38001C39220E433F6
:1088A200C0E07582011286B61581806F9003AEE03A
:1088B200FFBF0400922040047E0080030F8F0690C9
:1088C20003AEEEF0900BD67401F0900BF8F0804BF3
:1088D2009003AEE0FFBF03028003BF043E9003AFEC
:1088E200E0FFBF0600922040047E0080030F8F0647
:1088F2009003AFEEF0900BF87401F0801E9003B07D
:10890200E0FFBF0400922040047E0080030F8F0628
:108912009003B0EEF0900BF87401F0900BF8E06069
:1089220016900BF67401F0123702E5828583F090FF
:0F8932000BF3F0E5F0A3F07582001581D016224B
:1093FD00FF0100FF0300FF0500FF0700FF0A00FF4C
:10940D000E00FF1200FF1600FF1A00FF2000FF26BE
:10941D0000FF2C00FF3200FF3900FF4100FF490023
:10942D00FF5100FF5900FF6300FF6D00FF7700FF44
:10943D008100FF8C00FF9800FFA400FFB000FFBC6F
:10944D0000FFC800FFD500FFE300FFF100FFFF00A4
:10945D00F8FF00EAFF00DCFF00CEFF00C2FF00B600
:10946D00FF00AAFF009EFF0092FF0086FF007CFF19
:10947D000072FF0068FF005EFF0055FF004DFF000A
:10948D0045FF003DFF0035FF002FFF0029FF0023A2
:10949D00FF001DFF0018FF0014FF0010FF000CFF60
:1094AD000008FF0006FF0004FF0002FF0000FF00A0
:1094BD0000FF0100FF0300FF0500FF0700FF0A008A
:1094CD00FF0E00FF1200FF1600FF1A00FF2000FF25
:1094DD002600FF2C00FF3200FF3900FF4100FF493D
:1094ED0000FF5100FF5900FF6300FF6D00FF770083
:1094FD00FF8100FF8C00FF9800FFA400FFB000FF6C
:10950D00BC00FFC800FFD500FFE300FFF100FFFF27
:10951D0000F8FF00EAFF00DCFF00CEFF00C2FF00F5
:10952D00B6FF00AAFF009EFF0092FF0086FF007CA1
:10953D00FF0072FF0068FF005EFF0055FF004DFF4A
:10954D000045FF003DFF0035FF002FFF0029FF0004
:10955D0023FF001DFF0018FF0014FF0010FF000C7B
:10956D00FF0008FF0006FF0004FF0002FF0000FFE0
:10957D000100FF0300FF0500FF0700FF0A00FF0EBB
:10958D0000FF1200FF1600FF1A00FF2000FF26004B
:10959D00FF2C00FF3200FF3900FF4100FF4900FFA3
:1095AD005100FF5900FF6300FF6D00FF7700FF8141
:1095BD0000FF8C00FF9800FFA400FFB000FFBC006F
:1095CD00FFC800FFD500FFE300FFF100FFFF00FF24
:1095DD00FF00F8FF00EAFF00DCFF00CEFF00C2FF36
:1095ED0000B6FF00AAFF009EFF0092FF0086FF005D
:1095FD007CFF0072FF0068FF005EFF0055FF004D0D
:10960D00FF0045FF003DFF0035FF002FFF0029FF44
:10961D000023FF001DFF0018FF0014FF0010FF00C6
:10962D000CFF0008FF0006FF0004FF0002FF000012
:10963D00000102030405060708090A0C0E10121496
:10964D0016181B1E2124272A2D3135393D41454938
:10965D004D5155595E63686D72777C81868C9298F9
:10966D009EA4AAB0B6BCC2C8CED5DCE3EAF1F8FF21
:10967D00FFF8F1EAE3DCD5CEC8C2BCB6B0AAA49E11
:10968D0098928C86817C77726D68635E5955514DC9
:10969D004945413D3935312D2A2724211E1B1816E8
:1096AD001412100E0C0A0908070605040302010026
:1096BD0016181B1E2124272A2D3135393D414549C8
:1096CD004D5155595E63686D72777C81868C929889
:1096DD009EA4AAB0B6BCC2C8CED5DCE3EAF1F8FFB1
:1096ED00FFF8F1EAE3DCD5CEC8C2BCB6B0AAA49EA1
:1096FD0098928C86817C77726D68635E5955514D59
:10970D004945413D3935312D2A2724211E1B181677
:10971D00010101BFBFBF060606BEBEBE0B0B0BBCD3
:10972D00BCBC101010B9B9B9151515B4B4B41A1ACA
:10973D001AAFAFAF1F1F1FAAAAAA242424A5A5A53F
:10974D00292929A0A0A02E2E2E9B9B9B3333339627
:10975D0096963838389191913D3D3D8C8C8C424296
:10976D00428787874747478282824C4C4C7D7D7D5F
:10977D000005FF0011FF001DFF0030FF0041FF003D
:10978D0055FF0069FF007FFF0089FF0094FF00A1D6
:10979D00FF00ABFF00B6FF00C0FF00CAFF00D3FF04
:1097AD0000DCFF00E5FF00EDFF00F3FF00FAFF0016
:1097BD00FFFF00FFFA00FFF600FFEE00FFE700FFDE
:1097CD00DF00FFD600FFCD00FFC300FFBA00FFAFE3
:1097DD0000FFA500FF9900FF8F00FF8200FF7200C0
:1097ED00FF5D00FF4900FF3600FF2500FF1500FF5C
:1097FD000800FF000BFF0016FF0024FF0034FF00E0
:10980D0046FF0057FF006AFF007EFF0088FF0090B3
:10981D00FF0098FF009FFF00A8FF00B0FF00B7FFFB
:10982D0000C0FF00C6FF00CEFF00D4FF00DCFF002C
:10983D00E1FF00E7FF00EDFF00F3FF00F7FF00FB86
:10984D00FF00FFFF00FFF900FFF200FFEC00FFE15A
:10985D0000FFD700FFCE00FFC300FFB700FFAA0037
:10986D00FF9F00FF9100FF8400FF6900FF4400FF90
:10987D002200FF0A00FF0005FF0011FF001EFF0080
:10988D0032FF0045FF005BFF0071FF0083FF008E7C
:10989D00FF009BFF00A5FF00B1FF00BDFF00C7FF4C
:1098AD0000D1FF00DBFF00E5FF00ECFF00F3FF0040
:1098BD00FAFF00FFFA00FFF300FFED00FFE400FFE9
:1098CD00DC00FFD100FFC800FFBD00FFB200FFA804
:1098DD0000FF9E00FF8F00FF8300FF6F00FF5A0007
:1098ED00FF4500FF3200FF1F00FF1000FF0500FFC6
:1098FD0052504D48454453504E47444254514E46A4
:10990D00434055524F45423E57534F4440365955AB
:10991D0050433D305C5652423429625F5A34271F02
:10992D00696C7D171B19737806111817787F08104D
:10993D0016167C01090F13157F03090F1314010669
:10994D000A0F121403070B0E121305080B0E121239
:10995D003AFFFFFFFFFFFFFFFFFFFFFFFF39413220
:10996D0042333BFFFFFFFFFFFFFF4048312A2B34FF
:10997D003C44434A49FFFF382922232C2D50515294
:10998D004B4C25FF30211A1B2458595A5354453539
:10999D00FF281912131C6061625B5C4D6355201129
:1099AD000A0B14156871696A6B646C180902030C53
:1099BD000D807208706D7465100001050482797D4B
:1099CD007A78757B7C00010203040508090A0B14E3
:1099DD000D101112131C1518191A1B24FF2021220A
:1099ED00232C2528292A2B342D303132333C353880
:1099FD00393A3B44FF404142434C4548494A4B5458
:109A0D004D505152535C5558595A5B64FF60616219
:109A1D00630C6568696A6B6C6D70717273747578BF
:109A2D00797A7B7C7D000102030405060708090A8B
:109A3D000B0C0D0E0F10111213140001020304056F
:109A4D00060708090A0B0C0D0E0F10111213140046
:109A5D000102030405060708090A0B0C0D0E0F1071
:109A6D0011121314000102030405060708090A0B5D
:109A7D000C0D0E0F1011121314000C01020304052E
:109A8D00060708090A0B0D0E0F1011121314000111
:109A9D0002030405060708090A0B0C0D0E0F101121
:109AAD001213140000000000000000000000000070
:109ABD000000000000000000010101010101010191
:109ACD000101010101010101010101010102020276
:109ADD000202020202020202020202020202020259
:109AED00020203030303030303030303030303033B
:109AFD000303030303030304040404040404040420
:109B0D000404040404040404040404040505050504
:109B1D0005050505050505050505050505050505E8
:109B2D0005786450320000000000000000000000C5
:109B3D000000000000000000000001010101010112
:109B4D0001010101010101010101010101010102F7
:109B5D0002020202020202020202020202020202D8
:109B6D0002020202030303030303030303030303BC
:109B7D0003030303030303030304040404040404A1
:109B8D000404040404040404040404040404050586
:109B9D000505050505050505050505050505050568
:109BAD0005050578645032143C32281E142D2319F6
:109BBD000F052D23190F06503C281408140F0A0504
:109BCD00015844301C087364553C1E785A462D01CB
:109BDD001E18120C062018121006735F4B371E202C
:109BED00181008012E241A100632281E1408090018
:109BFD000A000B000C000D000E000F00000001000C
:109C0D00020003000400050006001E0F04001E0FD5
:109C1D00040000010203040405060507050A050BEF
:109C2D000520540920FF000000FF000000FFFFFF8A
:109C3D0000FF00FF00FFFFFFFFFF64646464642802
:109C4D00282828282D23190F052D23190F06503CE0
:109C5D002814087864503214000000000058443075
:109C6D001C0878645032140000000000785A462D0C
:109C7D00011E18120C062018121006735F4B371EAA
:109C8D00000000000020181008012E241A100632C2
:109C9D00281E1408FF000000FF000000FFFFFF005A
:109CAD00FF00FF00FFFFFFFFFF1E0F0400070E095F
:109CBD001C1B1215383F363124232A2D70777E79DF
:109CCD006C6B6265484F464154535A5D7D7A73748F
:109CDD0061666F6845424B4C595E57500D0A03043F
:109CED0011161F1835323B3C292E27206760696EEF
:109CFD007B7C75725F58515643444D4A1710191E9F
:109D0D000B0C05022F28212633343D3A1A1D14134E
:109D1D000601080F22252C2B3E3930376A6D6463FE
:109D2D007671787F52555C5B4E494047CEC9C0C7AE
:109D3D00D2D5DCDBF6F1F8FFEAEDE4E3BEB9B0B75E
:109D4D00A2A5ACAB8681888F9A9D9493B3B4BDBA0E
:109D5D00AFA8A1A68B8C85829790999EC3C4CDCABE
:109D6D00DFD8D1D6FBFCF5F2E7E0E9EEA9AEA7A06E
:109D7D00B5B2BBBC91969F988D8A8384D9DED7D01E
:109D8D00C5C2CBCCE1E6EFE8FDFAF3F4D4D3DADDCE
:109D9D00C8CFC6C1ECEBE2E5F0F7FEF9A4A3AAAD7E
:109DAD00B8BFB6B19C9B929580878E89003E7C4250
:109DBD00F8C684BAF0CE8CB20836744AE0DE9CA2A6
:109DCD001826645A102E6C52E8D694AA5D63211F92
:109DDD00A59BD9E7AD93D1EF556B2917BD83C1FF76
:109DED00457B39074D73310FB58BC9F727195B6566
:109DFD00DFE1A39DD7E9AB952F11536DC7F9BB8556
:109E0D003F01437D37094B75CFF1B38D7A44063849
:109E1D0082BCFEC08AB4F6C8724C0E309AA4E6D845
:109E2D00625C1E206A54162892ACEED04E70320C35
:109E3D00B688CAF4BE80C2FC46783A04AE90D2EC25
:109E4D0056682A145E60221CA698DAE4132D6F5111
:109E5D00EBD597A9E3DD9FA11B256759F3CD8FB1F5
:109E6D000B357749033D7F41FBC587B96957152BE5
:109E7D0091AFEDD399A7E5DB615F1D2389B7F5CBD5
:109E8D00714F0D337947053B81BFFDC3340A4876C9
:109E9D00CCF2B08EC4FAB8863C02407ED4EAA896C5
:109EAD002C12506E241A5866DCE2A09E003E7C42B5
:109EBD00F8C684BAF1CF8DB30937754BE3DD9FA199
:109ECD001B256759122C6E50EAD496A85F61231D8D
:109EDD00A799DBE5AE90D2EC56682A14BC82C0FE81
:109EED00447A38064D73310FB58BC9F726185A646D
:109EFD00DEE0A29CD7E9AB952F11536DC5FBB98759
:109F0D003D03417F340A4876CCF2B08E7947053B4C
:109F1D0081BFFDC388B6F4CA704E0C329AA4E6D840
:109F2D00625C1E206B55172993ADEFD14C72300E2C
:109F3D00B48AC8F6BD83C1FF457B3907AF91D3ED18
:109F4D0057692B155E60221CA698DAE4132D6F510C
:109F5D00EBD597A9E2DC9EA01A246658F0CE8CB200
:109F6D000836744A013F7D43F9C785BB6A541628EC
:109F7D0092ACEED09BA5E7D9635D1F2189B7F5CBD8
:109F8D00714F0D337846043A80BEFCC2350B4977CC
:109F9D00CDF3B18FC4FAB8863C02407ED6E8AA94C0
:109FAD002E10526C27195B65DFE1A39D000B161D6A
:109FBD002C273A3159524F44757E6368B3B8A5AE1C
:109FCD009F948982EAE1FCF7C6CDD0DBFFF4E9E28C
:109FDD00D3D8C5CEA6ADB0BB8A819C974C475A51FC
:109FED00606B767D151E030839322F24666D707BEC
:109FFD004A415C573F3429221318050ED5DEC3C8DC
:10A00D00F9F2EFE48C879A91A0ABB6BD99928F844B
:10A01D00B5BEA3A8C0CBD6DDECE7FAF12A213C37BB
:10A02D00060D101B7378656E5F544942CCC7DAD1AB
:10A03D00E0EBF6FD959E8388B9B2AFA47F7469629B
:10A04D005358454E262D303B0A011C173338252E0B
:10A05D001F1409026A617C77464D505B808B969D7B
:10A06D00ACA7BAB1D9D2CFC4F5FEE3E8AAA1BCB76B
:10A07D00868D909BF3F8E5EEDFD4C9C219120F045B
:10A08D00353E2328404B565D6C677A71555E4348CB
:10A09D0079726F640C071A11202B363DE6EDF0FB3B
:10A0AD00CAC1DCD7BFB4A9A29398858E0000010167
:01A0BD0002A0
:06010D00E478FFF6D8FDC6
:1000EB007904E94400601B7A0190A0BE780175A0E9
:1000FB000CE493F2A308B8000205A0D9F4DAF27568
:02010B00A0FF53
:1000B400C000A88118C0D0B6001B18B67000401547
:1000C400B697005010C0E0E65407B406005004E6AA
:0A00D40054F8F6D0E0D0D0D000328E
:1089410020F71130F6138883A88220F509F6A88351
:108951007583002280FEF280F5F0222222C0168566
:108961008116C082C083E5812405F581AF160FE52C
:10897100162403F8A607087600087640E51624FCBD
:10898100FD7E007F40E5162406FCF9A81608860343
:10899100E51624FCF886028BF0EAA4F709A7F01982
:1089A100EC04F88604C000A81608860374012DFAA9
:1089B100E43EFE8A828E838FF0128C5E8BF0A4FBE4
:1089C100E5162403F8740126FDE40836FE0886073F
:1089D1008D828E838FF0128C5EFDE51624FCF88665
:1089E10007D0008DF0EFA42B2CF687060987078EA0
:1089F100828F83851681D0162275820022758200AE
:108A010022C016858116C082C083C0F00581058110
:108A11000581E51624F9F8E6084670069000000283
:108A21008AE0E51624FBF88602088603088604E539
:108A31001624F9F8E5162404F9E6F708E609F7E53E
:108A4100162404F816B6FF020816E5162404F8E603
:108A510008466043A8160886050886060886078D1D
:108A6100828E838FF0E5162406F8128C5EF68A0555
:108A71008B068C078D828E838FF0128C5EFDE5163E
:108A81002406F8E6B50510A8160806B60002080681
:108A91000ABA00AB0B80A8E51624FBF8A60208A6CB
:108AA1000308A604A8160886050886060886078D09
:108AB100828E838FF0128C5EFD7F00E51624FBF819
:108AC10086030886040886068B828C838EF0128CBE
:108AD1005EFB7E00EDC39BFDEF9EFF8D828F838544
:058AE1001681D01622F1
:100113007800E84400600A790075A000E4F309D888
:10012300FC7801E8440C600C790D900000E4F0A326
:04013300D8FCD9FA21
:108AE600C016858116C082C083C0F0C0E07A007BC4
:108AF600007E007F007D20A81608080808E623549B
:108B060001FCA81608E626F608E633F608E633F66C
:108B160008E633F6EA2AFAEB33FBEE33FEEF33FFD1
:108B2600EC6003430201E51624FAF8C3EA96EB0863
:108B360096EE0896EF0896401CE51624FAF8EAC366
:108B460096FAEB0896FBEE0896FEEF0896FFA81637
:108B560008E64401F6DDA0A8160886820886830882
:108B660086F008E6851681D01622C016E581F51630
:108B76002408F581AD82AE83AFF0E5162406F8A68B
:108B86000508A60608A607E51624FBF8A91609E6B1
:108B9600F708E609F708E609F7E51624F9F8E516F1
:108BA6002404F9E6F708E609F7E5162404F886032F
:108BB600088604E5162404F816B6FF020816EB4CE0
:108BC6006028A8160886820886830886F0128C5EBE
:108BD600FCA31818A68208A6838D828E838FF0ECDC
:108BE600128941A3AD82AE8380BFE5162406F886BE
:108BF600820886830886F0851681D01622C01685DF
:108C06008116C082C083C0F0E51624FBF8860508ED
:108C16008606E51624FBF8E60846602AA8160886A6
:108C260002088603088604E51624FDF886078A826C
:108C36008B838CF0EF128941A3AA82AB831DBDFF03
:108C4600011EED4E70E8A8160886820886830886FF
:078C5600F0851681D0162203
:0D00DE007581241223F2E58260030200B157
:108C5D002220F71430F6148883A88220F507E6A8A1
:108C6D008375830022E280F7E49322E022C016850B
:108C7D008116AE82E583FF33E433FD6009C3E49EC4
:108C8D00FBE49FFC80048E038F04E51624FCF8089A
:108C9D00E630E70FE51624FCF8C3E496FE08E496EB
:108CAD00FF800AE51624FCF88606088607C005C075
:108CBD0006C0078B828C83128F2BAE82AF831581FA
:108CCD001581D005ED600DC3E49EFCE49FFD8C8203
:108CDD008D8380048E828F83D01622C016858116D7
:108CED00C082C083C0F0C0E0E5812411F581E51696
:108CFD00240BF8E5162412F6E516240BF8E51624D8
:108D0D000AF9740226F7AE160E8E008605E51624B6
:108D1D00FAFCFBE5162406F874022BF6E51624067C
:108D2D00F8860086028DF0EAA4FAADF0E516240A65
:108D3D00F88600A60208A60518E516240BF886018C
:108D4D008E02A80286078C02A80286028FF0EAA482
:108D5D00FAADF0A70209A705E516240BF874032652
:108D6D00F987078E02E5162405F874032AF6E51631
:108D7D002405F8C001E5162407F98600E6F7D001B1
:108D8D008C008605E5162407F886F0EDA42FFFF775
:108D9D0074022AF8C001E5162408F9E6F7D001C0DF
:108DAD0000E5162409F8EB04F6E5162409F886000B
:108DBD008605E5162408F886F0EDA42FF7E51624B0
:108DCD000AF9E516240CF88701E7F609E708F61904
:108DDD00D00086078C0187058FF0EDA4FDAFF0E57F
:108DED0016240CE516240CF8ED26FDEF0836FFE5EC
:108DFD0016240CF8A60508A607E516240AF8860021
:108E0D00E516240CF9E7F60809E7F618EA04F987E0
:108E1D0007E5162409F8860086058FF0EDA4FDAF51
:108E2D00F0E516240CE516240CF8ED26FDEF0836BA
:108E3D00FFE516240AF88600A60508A6078707E5AC
:108E4D00162406F8860086058FF0EDA4C8E51624D5
:108E5D0005C88600F6EA04F9EA04F886078C008650
:108E6D00058FF0EDA4FFAAF0A70709A70274032B45
:108E7D00F98E00860787058FF0EDA4F7EB04F98EC8
:108E8D00008607EB04F886058FF0EDA4FFABF0A785
:108E9D000709A7038C0177008E017700E516240BD7
:108EAD00F88601E516240EF8E7F609E708F609E756
:108EBD0008F609E708F6191919A816088602088692
:108ECD0003088606088607E516240EF8EA26F6EB53
:108EDD000836F6EE0836F6EF0836F6E516240EF8E7
:108EED00E6F70908E6F70908E6F70908E6F7E516D3
:108EFD0024FAF88604088605088606088607E5160E
:108F0D00240EF8EC26FCED0836FDEE0836FEEF08D3
:108F1D00368C828D838EF0851681D0162222C01656
:108F2D00858116AE82AF837D007C00E51624FCF8AA
:108F3D0008E6235401702FE51624FCF8E626F60802
:108F4D00E633F6E51624FCF8C3EE96EF08965011BD
:108F5D00E51624FCF808E618C313C613C608F680F8
:108F6D00050C8C0580C5E51624FCF8C3EE96EF08BC
:108F7D0096400DE51624FCF8EEC396FEEF0896FF1D
:108F8D00E51624FCF808E618C313C613C608F68DBB
:108F9D00041DEC70D18E828F83D01622C016858170
:078FAD0016758200D01622A8
:00000001FF
